position,dataset_index,image_id,image_path,dataset_hflip,dataset_vflip,photometric_transform,pair_flip_dimension,pair_flip_type,selection_seed,tensor_sha256
0,21080,TCGA-A2-A0CM-DX1_xmin18562_ymin56852_MPP-0.2500+42[0001],/home/duyanhong/reseg-data/raw/BCSS-WSSS/training/TCGA-A2-A0CM-DX1_xmin18562_ymin56852_MPP-0.2500+42[0001].png,False,False,none; frozen ImageNet normalization,3,horizontal,20260817,f56b076a57d1c2899c89e9768d9523d65f119ce0f9a400b05381ed4158de08c8
1,1091,TCGA-BH-A0B9-DX1_xmin62727_ymin56697_MPP-0.2500+208[1001],/home/duyanhong/reseg-data/raw/BCSS-WSSS/training/TCGA-BH-A0B9-DX1_xmin62727_ymin56697_MPP-0.2500+208[1001].png,False,True,none; frozen ImageNet normalization,2,vertical,20260817,29aabd748d9bc0defaa4b73deb677208462357c50914a8c9b75e88370f06f81a
2,11131,TCGA-A2-A0D0-DX1_xmin68482_ymin39071_MPP-0.2500+24[0110],/home/duyanhong/reseg-data/raw/BCSS-WSSS/training/TCGA-A2-A0D0-DX1_xmin68482_ymin39071_MPP-0.2500+24[0110].png,True,False,none; frozen ImageNet normalization,3,horizontal,20260817,14f69667b320ae8a72df71cb216d43cba16e9b5438d308e90672c83e42437655
3,2034,TCGA-A2-A3XX-DX1_xmin69942_ymin41560_MPP-0.2500+101[0001],/home/duyanhong/reseg-data/raw/BCSS-WSSS/training/TCGA-A2-A3XX-DX1_xmin69942_ymin41560_MPP-0.2500+101[0001].png,True,True,none; frozen ImageNet normalization,3,horizontal,20260817,d0f0030ec61418f3ef75e6dba3f2e8e58d2fe0f7547affcb0cad61e01e7da15d
4,22476,TCGA-BH-A1FC-DX1_xmin52216_ymin33355_MPP-0.2500+209[0110],/home/duyanhong/reseg-data/raw/BCSS-WSSS/training/TCGA-BH-A1FC-DX1_xmin52216_ymin33355_MPP-0.2500+209[0110].png,True,False,none; frozen ImageNet normalization,2,vertical,20260817,1af2bc163df7e0956126260e1fc90b16f8c5fd21a749d76392454dfff47f62ed
5,1530,TCGA-AR-A0TS-DX1_xmin118843_ymin22812_MPP-0.2500+32[0100],/home/duyanhong/reseg-data/raw/BCSS-WSSS/training/TCGA-AR-A0TS-DX1_xmin118843_ymin22812_MPP-0.2500+32[0100].png,True,True,none; frozen ImageNet normalization,2,vertical,20260817,46d66ad2b743a2d8e20a832ba08bbfc4c227592a4f58e8e73c75ff770373ed6a
6,16777,TCGA-AR-A0TS-DX1_xmin118843_ymin22812_MPP-0.2500+12[0010],/home/duyanhong/reseg-data/raw/BCSS-WSSS/training/TCGA-AR-A0TS-DX1_xmin118843_ymin22812_MPP-0.2500+12[0010].png,True,False,none; frozen ImageNet normalization,2,vertical,20260817,ea2ed6481ddf02002af0c1730b5e7184d036c7238c87d90c78373e4383317661
7,4321,TCGA-D8-A27M-DX1_xmin54473_ymin16109_MPP-0.2500+170[0110],/home/duyanhong/reseg-data/raw/BCSS-WSSS/training/TCGA-D8-A27M-DX1_xmin54473_ymin16109_MPP-0.2500+170[0110].png,False,False,none; frozen ImageNet normalization,3,horizontal,20260817,dcdb2a030755abe38deb9ce1bf34603151c4a227f73e08151df9fb0d0f27c37e
8,18031,TCGA-D8-A1JF-DX1_xmin24865_ymin52345_MPP-0.2500+79[0110],/home/duyanhong/reseg-data/raw/BCSS-WSSS/training/TCGA-D8-A1JF-DX1_xmin24865_ymin52345_MPP-0.2500+79[0110].png,False,True,none; frozen ImageNet normalization,3,horizontal,20260817,d420d9e5bec72a4adf1ac53eec5518b0fbd094debcf72c14523d35ae537572a7
9,6405,TCGA-BH-A0BW-DX1_xmin42346_ymin30843_MPP-0.2500+271[1110],/home/duyanhong/reseg-data/raw/BCSS-WSSS/training/TCGA-BH-A0BW-DX1_xmin42346_ymin30843_MPP-0.2500+271[1110].png,True,True,none; frozen ImageNet normalization,2,vertical,20260817,c6c2127556f679390e2d2eb61164fc348233e852ebea71a842ed25984f0ea221
10,22802,TCGA-A2-A0T2-DX1_xmin63557_ymin56751_MPP-0.2500+249[0001],/home/duyanhong/reseg-data/raw/BCSS-WSSS/training/TCGA-A2-A0T2-DX1_xmin63557_ymin56751_MPP-0.2500+249[0001].png,True,True,none; frozen ImageNet normalization,3,horizontal,20260817,41a355959f640e2c3fc4e0922e3d8db1768a9050ae823d0c784bc67e7c24a438
11,4862,TCGA-D8-A27M-DX1_xmin54473_ymin16109_MPP-0.2500+45[1100],/home/duyanhong/reseg-data/raw/BCSS-WSSS/training/TCGA-D8-A27M-DX1_xmin54473_ymin16109_MPP-0.2500+45[1100].png,False,True,none; frozen ImageNet normalization,3,horizontal,20260817,865a6ce2757b11c54e4405d32ff035e22aad92823233edd26da7dc4d4dad63ac
12,20863,TCGA-BH-A18V-DX1_xmin50030_ymin48454_MPP-0.2500+277[1110],/home/duyanhong/reseg-data/raw/BCSS-WSSS/training/TCGA-BH-A18V-DX1_xmin50030_ymin48454_MPP-0.2500+277[1110].png,False,True,none; frozen ImageNet normalization,3,horizontal,20260817,74d5045d01a8a6bdc672e776680bbc45f89774568a8020c0bca54ee8fb77decc
13,21101,TCGA-AR-A0U1-DX1_xmin63681_ymin24922_MPP-0.2500+29[1110],/home/duyanhong/reseg-data/raw/BCSS-WSSS/training/TCGA-AR-A0U1-DX1_xmin63681_ymin24922_MPP-0.2500+29[1110].png,True,False,none; frozen ImageNet normalization,3,horizontal,20260817,97eb374018e0bf711935b2ef5281c3378bc218fdd7e48ce99d6702d48e03d501
14,4485,TCGA-A2-A0YE-DX1_xmin59206_ymin33505_MPP-0.2500+27[1100],/home/duyanhong/reseg-data/raw/BCSS-WSSS/training/TCGA-A2-A0YE-DX1_xmin59206_ymin33505_MPP-0.2500+27[1100].png,True,True,none; frozen ImageNet normalization,3,horizontal,20260817,55cd7b57052a78ddeda1386ce41df4d7b218205904164715a36dd24cfec67410
15,5374,TCGA-D8-A142-DX1_xmin62151_ymin41337_MPP-0.2500+493[1100],/home/duyanhong/reseg-data/raw/BCSS-WSSS/training/TCGA-D8-A142-DX1_xmin62151_ymin41337_MPP-0.2500+493[1100].png,False,True,none; frozen ImageNet normalization,3,horizontal,20260817,26a5934167aa81ca5e2ecc2ca60385b288b3edf1c0a08455e6b30a3b8232fc58
16,4816,TCGA-A7-A0CE-DX1_xmin58461_ymin18750_MPP-0.2500+54[0100],/home/duyanhong/reseg-data/raw/BCSS-WSSS/training/TCGA-A7-A0CE-DX1_xmin58461_ymin18750_MPP-0.2500+54[0100].png,True,True,none; frozen ImageNet normalization,3,horizontal,20260817,562a8bd054c6784690e507340f94382fe3d2d5244d138edeec5b47c957102a68
17,17068,TCGA-D8-A142-DX1_xmin62151_ymin41337_MPP-0.2500+179[0100],/home/duyanhong/reseg-data/raw/BCSS-WSSS/training/TCGA-D8-A142-DX1_xmin62151_ymin41337_MPP-0.2500+179[0100].png,True,True,none; frozen ImageNet normalization,3,horizontal,20260817,a02f6f3c63700298650414576fe343d40cef4bd275d63f51c2424bcc39aa8a46
18,18564,TCGA-AN-A0AL-DX1_xmin15698_ymin29806_MPP-0.2500+68[1100],/home/duyanhong/reseg-data/raw/BCSS-WSSS/training/TCGA-AN-A0AL-DX1_xmin15698_ymin29806_MPP-0.2500+68[1100].png,False,False,none; frozen ImageNet normalization,2,vertical,20260817,f3432ffafbb260705857dae745eeeafff17a079a3ecebfdf8857e81c8edcb01a
19,14698,TCGA-D8-A1JF-DX1_xmin24865_ymin52345_MPP-0.2500+35[1100],/home/duyanhong/reseg-data/raw/BCSS-WSSS/training/TCGA-D8-A1JF-DX1_xmin24865_ymin52345_MPP-0.2500+35[1100].png,True,True,none; frozen ImageNet normalization,2,vertical,20260817,311d47cebbcd44eeb1ae50fb634d988111f47715b076f5d11bf8ff12f2a611cd
20,15349,TCGA-AR-A0TS-DX1_xmin118843_ymin22812_MPP-0.2500+88[1000],/home/duyanhong/reseg-data/raw/BCSS-WSSS/training/TCGA-AR-A0TS-DX1_xmin118843_ymin22812_MPP-0.2500+88[1000].png,True,True,none; frozen ImageNet normalization,2,vertical,20260817,1059db06d0aab69fee7bae725965f2c5c136e755c51b8c9881b54f9c561cdd37
21,2545,TCGA-C8-A12V-DX1_xmin11056_ymin54401_MPP-0.2500+207[0110],/home/duyanhong/reseg-data/raw/BCSS-WSSS/training/TCGA-C8-A12V-DX1_xmin11056_ymin54401_MPP-0.2500+207[0110].png,True,True,none; frozen ImageNet normalization,2,vertical,20260817,7a402e6c9a5f899755035875931a4922d53b21397443c0a2b64cd908e808d2b3
22,21039,TCGA-A8-A08R-DX1_xmin14220_ymin13782_MPP-0.2500+3[1100],/home/duyanhong/reseg-data/raw/BCSS-WSSS/training/TCGA-A8-A08R-DX1_xmin14220_ymin13782_MPP-0.2500+3[1100].png,False,False,none; frozen ImageNet normalization,3,horizontal,20260817,58de58fb6ac62b157d15cd6bdab5192820085d16a20ddb41ea21c3563fe4898f
23,9366,TCGA-AO-A1KR-DX1_xmin19591_ymin37667_MPP-0.2500+62[0110],/home/duyanhong/reseg-data/raw/BCSS-WSSS/training/TCGA-AO-A1KR-DX1_xmin19591_ymin37667_MPP-0.2500+62[0110].png,True,False,none; frozen ImageNet normalization,3,horizontal,20260817,db15b5e8b517d45a97d232c9670b9bfe7aecc805d10b93c0f0e3625a13770b83
24,15768,TCGA-AR-A5QQ-DX1_xmin107130_ymin49863_MPP-0.2500+43[1010],/home/duyanhong/reseg-data/raw/BCSS-WSSS/training/TCGA-AR-A5QQ-DX1_xmin107130_ymin49863_MPP-0.2500+43[1010].png,True,True,none; frozen ImageNet normalization,2,vertical,20260817,a6376a2305e01844ffa257a0203b1deac6106d6b6e9a7c631116ed07a548b89e
25,16066,TCGA-C8-A131-DX1_xmin43049_ymin10894_MPP-0.2500+35[1000],/home/duyanhong/reseg-data/raw/BCSS-WSSS/training/TCGA-C8-A131-DX1_xmin43049_ymin10894_MPP-0.2500+35[1000].png,False,False,none; frozen ImageNet normalization,3,horizontal,20260817,f9886281cd5e80d6b7c52ec0bb7c57f71ae3b9bc496d2c9b52b3a1e102cadf9b
26,3272,TCGA-D8-A1XK-DX1_xmin26340_ymin50273_MPP-0.2500+46[1000],/home/duyanhong/reseg-data/raw/BCSS-WSSS/training/TCGA-D8-A1XK-DX1_xmin26340_ymin50273_MPP-0.2500+46[1000].png,False,True,none; frozen ImageNet normalization,3,horizontal,20260817,a1957611825ddb113245ff23cb17ec6fb280e1ba300689acba71a3dd5694bade
27,3297,TCGA-A2-A0D0-DX1_xmin68482_ymin39071_MPP-0.2500+254[0110],/home/duyanhong/reseg-data/raw/BCSS-WSSS/training/TCGA-A2-A0D0-DX1_xmin68482_ymin39071_MPP-0.2500+254[0110].png,False,False,none; frozen ImageNet normalization,3,horizontal,20260817,c501c58995d6177967678c20f05df220f795e6a046a18aa6c5eabe4af0785c6d
28,19495,TCGA-AR-A2LR-DX1_xmin46540_ymin31961_MPP-0.2500+42[1101],/home/duyanhong/reseg-data/raw/BCSS-WSSS/training/TCGA-AR-A2LR-DX1_xmin46540_ymin31961_MPP-0.2500+42[1101].png,False,True,none; frozen ImageNet normalization,3,horizontal,20260817,1b858eefe5ef6bd6db0365d64f3b3d7ae5e59baf779de955ee1cbbef58a344bb
29,9608,TCGA-BH-A1FC-DX1_xmin52216_ymin33355_MPP-0.2500+39[1110],/home/duyanhong/reseg-data/raw/BCSS-WSSS/training/TCGA-BH-A1FC-DX1_xmin52216_ymin33355_MPP-0.2500+39[1110].png,False,False,none; frozen ImageNet normalization,2,vertical,20260817,7bb97ad570d034ad3b0b1e5e48418e54bd2b7597f1bc242c309771dce1925bae
30,2219,TCGA-D8-A1JF-DX1_xmin24865_ymin52345_MPP-0.2500+28[0100],/home/duyanhong/reseg-data/raw/BCSS-WSSS/training/TCGA-D8-A1JF-DX1_xmin24865_ymin52345_MPP-0.2500+28[0100].png,False,True,none; frozen ImageNet normalization,3,horizontal,20260817,4a9b6d9b974c0dace549812385d6decdcdaf63d74c2c3aa9220d7bac13b60349
31,329,TCGA-D8-A13Z-DX1_xmin30985_ymin49337_MPP-0.2500+93[0001],/home/duyanhong/reseg-data/raw/BCSS-WSSS/training/TCGA-D8-A13Z-DX1_xmin30985_ymin49337_MPP-0.2500+93[0001].png,False,True,none; frozen ImageNet normalization,2,vertical,20260817,dbbf71b5a1b31a7764832aa6c0959293763a2704a11b77268a97d7f30c633081
32,7438,TCGA-A2-A0ST-DX1_xmin109446_ymin18274_MPP-0.2500+251[0110],/home/duyanhong/reseg-data/raw/BCSS-WSSS/training/TCGA-A2-A0ST-DX1_xmin109446_ymin18274_MPP-0.2500+251[0110].png,True,True,none; frozen ImageNet normalization,3,horizontal,20260817,ceb0336f80e9ab937818f8c5c6af594c649fe2970535df3255814788543c6219
33,22966,TCGA-A2-A04P-DX1_xmin104246_ymin48517_MPP-0.2500+164[1000],/home/duyanhong/reseg-data/raw/BCSS-WSSS/training/TCGA-A2-A04P-DX1_xmin104246_ymin48517_MPP-0.2500+164[1000].png,False,True,none; frozen ImageNet normalization,2,vertical,20260817,fe29ef77a3ae4055cd0d0038645203ca3cd07085ad72ce3e0fad0db602b4a3f5
34,2816,TCGA-AR-A0TS-DX1_xmin118843_ymin22812_MPP-0.2500+120[1000],/home/duyanhong/reseg-data/raw/BCSS-WSSS/training/TCGA-AR-A0TS-DX1_xmin118843_ymin22812_MPP-0.2500+120[1000].png,True,True,none; frozen ImageNet normalization,3,horizontal,20260817,a2269d1f8b2a5d4b2b84a24ffa2ef29141e05899453c62ff24e75dbb7a902d2f
35,2543,TCGA-D8-A1XK-DX1_xmin26340_ymin50273_MPP-0.2500+14[1100],/home/duyanhong/reseg-data/raw/BCSS-WSSS/training/TCGA-D8-A1XK-DX1_xmin26340_ymin50273_MPP-0.2500+14[1100].png,True,True,none; frozen ImageNet normalization,3,horizontal,20260817,552832d18192c12b5ed8fe6936af149906dca18e7ef13859a0384511277c9ebd
36,2411,TCGA-C8-A3M7-DX1_xmin41677_ymin66930_MPP-0.2500+115[1100],/home/duyanhong/reseg-data/raw/BCSS-WSSS/training/TCGA-C8-A3M7-DX1_xmin41677_ymin66930_MPP-0.2500+115[1100].png,False,False,none; frozen ImageNet normalization,2,vertical,20260817,e7672b5a078d9094369203f0f83a9f5c31ea37721e0cba26ff325ba503eff242
37,17514,TCGA-A7-A4SD-DX1_xmin53807_ymin11871_MPP-0.2500+92[1110],/home/duyanhong/reseg-data/raw/BCSS-WSSS/training/TCGA-A7-A4SD-DX1_xmin53807_ymin11871_MPP-0.2500+92[1110].png,False,True,none; frozen ImageNet normalization,2,vertical,20260817,0f131413b26ea779d724d1adc7e6b08e991375e52dcd9705d46321bfb0f34b06
38,2720,TCGA-D8-A142-DX1_xmin62151_ymin41337_MPP-0.2500+458[1000],/home/duyanhong/reseg-data/raw/BCSS-WSSS/training/TCGA-D8-A142-DX1_xmin62151_ymin41337_MPP-0.2500+458[1000].png,False,False,none; frozen ImageNet normalization,3,horizontal,20260817,96a6ff35b4b329cc651225a1d2d07596c176cec38825e185e4a13f515551b6b3
39,8394,TCGA-D8-A1JL-DX1_xmin39765_ymin24835_MPP-0.2500+480[0100],/home/duyanhong/reseg-data/raw/BCSS-WSSS/training/TCGA-D8-A1JL-DX1_xmin39765_ymin24835_MPP-0.2500+480[0100].png,True,False,none; frozen ImageNet normalization,2,vertical,20260817,cd7f6a2f42721250677d688359b63b0028f4faf5126d49807ebf74d609977c41
40,4737,TCGA-AO-A0J6-DX1_xmin40548_ymin11135_MPP-0.2500+281[1000],/home/duyanhong/reseg-data/raw/BCSS-WSSS/training/TCGA-AO-A0J6-DX1_xmin40548_ymin11135_MPP-0.2500+281[1000].png,True,True,none; frozen ImageNet normalization,3,horizontal,20260817,1bbf5f246ac36f226309a8bc93e69d77316c6a1013bf45286654d2b106f1a779
41,2182,TCGA-BH-A0BL-DX1_xmin25219_ymin42847_MPP-0.2500+57[1100],/home/duyanhong/reseg-data/raw/BCSS-WSSS/training/TCGA-BH-A0BL-DX1_xmin25219_ymin42847_MPP-0.2500+57[1100].png,False,False,none; frozen ImageNet normalization,2,vertical,20260817,6ec4d3568607d2e2560c8a1fbc40c8ed8e0b1767bb9703ef0106738e322f520d
42,1882,TCGA-AN-A0G0-DX1_xmin32741_ymin14546_MPP-0.2500+19[1000],/home/duyanhong/reseg-data/raw/BCSS-WSSS/training/TCGA-AN-A0G0-DX1_xmin32741_ymin14546_MPP-0.2500+19[1000].png,False,True,none; frozen ImageNet normalization,2,vertical,20260817,9453c0c8fc9f9a6989ec6d9d1dd4cd0738b762b5d1f737e170ec0b1d4e785020
43,19031,TCGA-A2-A0D0-DX1_xmin68482_ymin39071_MPP-0.2500+480[0110],/home/duyanhong/reseg-data/raw/BCSS-WSSS/training/TCGA-A2-A0D0-DX1_xmin68482_ymin39071_MPP-0.2500+480[0110].png,True,True,none; frozen ImageNet normalization,3,horizontal,20260817,037c05d76abe719c8fbbca090f8593568b2f329db926ff0689e64a269bebcd39
44,5671,TCGA-E2-A1LI-DX1_xmin44715_ymin18434_MPP-0.2500+151[1000],/home/duyanhong/reseg-data/raw/BCSS-WSSS/training/TCGA-E2-A1LI-DX1_xmin44715_ymin18434_MPP-0.2500+151[1000].png,True,False,none; frozen ImageNet normalization,2,vertical,20260817,bdb89f3fd39981458651c784ba50b91fd9c9cd7b3d1ff4f2a418b79d562227fd
45,3505,TCGA-BH-A0BL-DX1_xmin25219_ymin42847_MPP-0.2500+66[0101],/home/duyanhong/reseg-data/raw/BCSS-WSSS/training/TCGA-BH-A0BL-DX1_xmin25219_ymin42847_MPP-0.2500+66[0101].png,False,True,none; frozen ImageNet normalization,3,horizontal,20260817,08fd98f3f608fc87a9907ac551e73494f854d330fc8939e725df1df3f644dacf
46,1296,TCGA-A2-A3XS-DX1_xmin21421_ymin37486_MPP-0.2500+33[1000],/home/duyanhong/reseg-data/raw/BCSS-WSSS/training/TCGA-A2-A3XS-DX1_xmin21421_ymin37486_MPP-0.2500+33[1000].png,False,False,none; frozen ImageNet normalization,2,vertical,20260817,b04a00add8102c6804522f98aea019bde380f7f6b8a46b10badac55203405e07
47,16818,TCGA-A2-A0D0-DX1_xmin68482_ymin39071_MPP-0.2500+534[0110],/home/duyanhong/reseg-data/raw/BCSS-WSSS/training/TCGA-A2-A0D0-DX1_xmin68482_ymin39071_MPP-0.2500+534[0110].png,False,True,none; frozen ImageNet normalization,3,horizontal,20260817,741ebf4f290c00d0a12a8992df34ab50e4f433d9e9e7cec86da10a22a7600511
48,17290,TCGA-C8-A26X-DX1_xmin8990_ymin27544_MPP-0.2500+32[0010],/home/duyanhong/reseg-data/raw/BCSS-WSSS/training/TCGA-C8-A26X-DX1_xmin8990_ymin27544_MPP-0.2500+32[0010].png,False,True,none; frozen ImageNet normalization,3,horizontal,20260817,93831b46d974acd961d7b26c08d877656752ff605986cb527fae75e478f18e83
49,13549,TCGA-BH-A1FC-DX1_xmin52216_ymin33355_MPP-0.2500+135[1100],/home/duyanhong/reseg-data/raw/BCSS-WSSS/training/TCGA-BH-A1FC-DX1_xmin52216_ymin33355_MPP-0.2500+135[1100].png,False,False,none; frozen ImageNet normalization,3,horizontal,20260817,2dc9d64be95f63495471b8dd83a0387eceb8e3b8d4eb475781cefda026c7e56a
50,20044,TCGA-D8-A143-DX1_xmin52429_ymin19478_MPP-0.2500+136[1000],/home/duyanhong/reseg-data/raw/BCSS-WSSS/training/TCGA-D8-A143-DX1_xmin52429_ymin19478_MPP-0.2500+136[1000].png,False,True,none; frozen ImageNet normalization,3,horizontal,20260817,be37230655923499a6aa985b2d3607773e64a24cd861a07f3cb40b72e8969122
51,6209,TCGA-BH-A0E6-DX1_xmin54786_ymin20002_MPP-0.2500+230[1100],/home/duyanhong/reseg-data/raw/BCSS-WSSS/training/TCGA-BH-A0E6-DX1_xmin54786_ymin20002_MPP-0.2500+230[1100].png,True,False,none; frozen ImageNet normalization,2,vertical,20260817,57dbc5fce4feb23ac570b331eec6d724323d2535405b8fca31e39682c0303cbc
52,14738,TCGA-BH-A0WA-DX1_xmin56581_ymin24774_MPP-0.2500+186[0010],/home/duyanhong/reseg-data/raw/BCSS-WSSS/training/TCGA-BH-A0WA-DX1_xmin56581_ymin24774_MPP-0.2500+186[0010].png,False,False,none; frozen ImageNet normalization,3,horizontal,20260817,18b55cbb856fd3773f76f655ac0ed4badbe85be600be22654e9868bd0631dcbc
53,13145,TCGA-BH-A0B9-DX1_xmin62727_ymin56697_MPP-0.2500+63[0100],/home/duyanhong/reseg-data/raw/BCSS-WSSS/training/TCGA-BH-A0B9-DX1_xmin62727_ymin56697_MPP-0.2500+63[0100].png,True,True,none; frozen ImageNet normalization,3,horizontal,20260817,f14c69a3483d4ec892b33d8a6ea76997aa678435752588d25475e000807951f6
54,6694,TCGA-D8-A142-DX1_xmin62151_ymin41337_MPP-0.2500+557[0110],/home/duyanhong/reseg-data/raw/BCSS-WSSS/training/TCGA-D8-A142-DX1_xmin62151_ymin41337_MPP-0.2500+557[0110].png,True,False,none; frozen ImageNet normalization,2,vertical,20260817,e9fed41118dfd9272dadacfd665c62ff6f3adf4ccc962217b0b724a7547b6e4e
55,12215,TCGA-A2-A3XT-DX1_xmin83566_ymin29931_MPP-0.2500+181[1100],/home/duyanhong/reseg-data/raw/BCSS-WSSS/training/TCGA-A2-A3XT-DX1_xmin83566_ymin29931_MPP-0.2500+181[1100].png,True,False,none; frozen ImageNet normalization,3,horizontal,20260817,be06b810b70b7373edfcdabb36f445bcdf2577b4bff7d0c2931d64f9240d6dc8
56,15879,TCGA-AO-A0J2-DX1_xmin33561_ymin14515_MPP-0.2500+12[1100],/home/duyanhong/reseg-data/raw/BCSS-WSSS/training/TCGA-AO-A0J2-DX1_xmin33561_ymin14515_MPP-0.2500+12[1100].png,True,True,none; frozen ImageNet normalization,2,vertical,20260817,4fc5ba491ab20d1f247f9d7a711034604e24a54abf5c85d89da483fecbe6cb50
57,9396,TCGA-BH-A0E6-DX1_xmin54786_ymin20002_MPP-0.2500+181[0110],/home/duyanhong/reseg-data/raw/BCSS-WSSS/training/TCGA-BH-A0E6-DX1_xmin54786_ymin20002_MPP-0.2500+181[0110].png,True,True,none; frozen ImageNet normalization,3,horizontal,20260817,37a5e555021d92aa340c55a7e9b2876e66cd87baf6919b8047c26cc1507f48bb
58,9549,TCGA-A7-A0DA-DX1_xmin43731_ymin18175_MPP-0.2500+298[1100],/home/duyanhong/reseg-data/raw/BCSS-WSSS/training/TCGA-A7-A0DA-DX1_xmin43731_ymin18175_MPP-0.2500+298[1100].png,False,False,none; frozen ImageNet normalization,2,vertical,20260817,18ae985c5ab53c0594e2e7c19711542b1380f15e9a67d425500cc82b4cab2618
59,16355,TCGA-A2-A3XT-DX1_xmin83566_ymin29931_MPP-0.2500+115[1000],/home/duyanhong/reseg-data/raw/BCSS-WSSS/training/TCGA-A2-A3XT-DX1_xmin83566_ymin29931_MPP-0.2500+115[1000].png,True,True,none; frozen ImageNet normalization,3,horizontal,20260817,b76e98c67c869618755080028a51912c2e5746ba7f1679de8ee687548956fbaa
60,18363,TCGA-A7-A0CE-DX1_xmin58461_ymin18750_MPP-0.2500+63[0100],/home/duyanhong/reseg-data/raw/BCSS-WSSS/training/TCGA-A7-A0CE-DX1_xmin58461_ymin18750_MPP-0.2500+63[0100].png,True,False,none; frozen ImageNet normalization,3,horizontal,20260817,0e67f274f8e1494aea21a1e44dc383de1c1661220d6b44832b70054045293efe
61,4772,TCGA-BH-A0BW-DX1_xmin42346_ymin30843_MPP-0.2500+99[1000],/home/duyanhong/reseg-data/raw/BCSS-WSSS/training/TCGA-BH-A0BW-DX1_xmin42346_ymin30843_MPP-0.2500+99[1000].png,False,True,none; frozen ImageNet normalization,3,horizontal,20260817,7f07c9c0788d154c83965af737020614bbf835513fc7dbf6ddea013f676acf32
62,5197,TCGA-D8-A13Z-DX1_xmin30985_ymin49337_MPP-0.2500+35[1101],/home/duyanhong/reseg-data/raw/BCSS-WSSS/training/TCGA-D8-A13Z-DX1_xmin30985_ymin49337_MPP-0.2500+35[1101].png,True,False,none; frozen ImageNet normalization,2,vertical,20260817,7fa5ae7edc79080ce26340edf11310ab1a9bbbe5f20b707018a99e462060b138
63,15984,TCGA-A2-A3XS-DX1_xmin21421_ymin37486_MPP-0.2500+2[1100],/home/duyanhong/reseg-data/raw/BCSS-WSSS/training/TCGA-A2-A3XS-DX1_xmin21421_ymin37486_MPP-0.2500+2[1100].png,False,True,none; frozen ImageNet normalization,3,horizontal,20260817,7f3c3d6ae23bb946b03b518bf04d547b06484b5b204a7d1eb9c858b8ca12dd6e
