stage,gt_class,gt_class_name,metric,count,mean,std,min,p10,p25,p50,p75,p90,max,quantile_method,correlation_with_morphology,correlation_with_high_frequency_ratio
stage1,0,tumor,morphology,61781842,0.38457531369189457,0.030932199567061874,0.1481730192899704,0.35087993144989016,0.36792754381895065,0.3876546323299408,0.40877533704042435,0.4295471101999283,0.5566813349723816,"deterministic sampled reservoir, max=20000, stride=64",0.9999999999331639,0.9747821357318849
stage1,0,tumor,dilation,61781842,4.69255543551192,0.1856687792080442,3.657958984375,4.425927591323853,4.546061038970947,4.672281980514526,4.796061038970947,4.890625,6.122232913970947,"deterministic sampled reservoir, max=20000, stride=64",-0.9995511791327037,-0.9743432765704731
stage1,0,tumor,band_weight_0,61781842,1.0,0.0,1.0,1.0,1.0,1.0,1.0,1.0,1.0,"deterministic sampled reservoir, max=20000, stride=64",nan,nan
stage1,0,tumor,band_weight_1,61781842,1.0,0.0,1.0,1.0,1.0,1.0,1.0,1.0,1.0,"deterministic sampled reservoir, max=20000, stride=64",nan,nan
stage1,0,tumor,band_weight_2,61781842,1.0,0.0,1.0,1.0,1.0,1.0,1.0,1.0,1.0,"deterministic sampled reservoir, max=20000, stride=64",nan,nan
stage1,0,tumor,band_weight_3,61781842,1.125,0.0,1.125,1.125,1.125,1.125,1.125,1.125,1.125,"deterministic sampled reservoir, max=20000, stride=64",nan,nan
stage1,0,tumor,high_frequency_ratio,61781842,0.4077954747940373,0.0351729498253365,0.1411915421485901,0.369280207157135,0.3883442282676697,0.410525843501091,0.4343767315149307,0.4578783601522446,0.6153349280357361,"deterministic sampled reservoir, max=20000, stride=64",0.9747821357318849,0.9999999999963879
stage1,0,tumor,g_low,61781842,1.0,0.0,1.0,1.0,1.0,1.0,1.0,1.0,1.0,"deterministic sampled reservoir, max=20000, stride=64",nan,nan
stage1,0,tumor,g_high,61781842,1.0,0.0,1.0,1.0,1.0,1.0,1.0,1.0,1.0,"deterministic sampled reservoir, max=20000, stride=64",nan,nan
stage1,0,tumor,g_high_over_low,61781842,1.0,0.0,1.0,1.0,1.0,1.0,1.0,1.0,1.0,"deterministic sampled reservoir, max=20000, stride=64",nan,nan
stage1,0,tumor,g_low_channel_std,61781842,0.0006866455078125,0.0,0.0006866455078125,0.0006866455078125,0.0006866455078125,0.0006866455078125,0.0006866455078125,0.0006866455078125,0.0006866455078125,"deterministic sampled reservoir, max=20000, stride=64",nan,nan
stage1,0,tumor,g_high_channel_std,61781842,0.0,0.0,0.0,0.0,0.0,0.0,0.0,0.0,0.0,"deterministic sampled reservoir, max=20000, stride=64",nan,nan
stage1,0,tumor,anchor_lambda,61781842,0.341796875,0.0,0.341796875,0.341796875,0.341796875,0.341796875,0.341796875,0.341796875,0.341796875,"deterministic sampled reservoir, max=20000, stride=64",nan,nan
stage1,0,tumor,gamma_context,61781842,1.1953125,0.0,1.1953125,1.1953125,1.1953125,1.1953125,1.1953125,1.1953125,1.1953125,"deterministic sampled reservoir, max=20000, stride=64",nan,nan
stage1,0,tumor,r_fa,61781842,0.8025793577866641,0.026727803229704566,0.5794110894203186,0.7769657731056213,0.7951604276895523,0.8138186931610107,0.8259762823581696,0.8337058424949646,1.3130016326904297,"deterministic sampled reservoir, max=20000, stride=64",-0.2775680414434708,-0.2554274634671617
stage1,0,tumor,r_mpr,61781842,0.27469431046273063,0.009147974072170264,0.19831176102161407,0.2659277081489563,0.2721550911664963,0.2785411477088928,0.2827022522687912,0.28534782230854033,0.44939371943473816,"deterministic sampled reservoir, max=20000, stride=64",-0.2775680169849356,-0.2554274415042766
stage1,1,stroma,morphology,66845621,0.3808549905852524,0.037675513943786786,0.1181996688246727,0.3437703549861908,0.3623148500919342,0.3847859799861908,0.40889740735292435,0.4350707918405533,0.572998046875,"deterministic sampled reservoir, max=20000, stride=64",0.9999999999654875,0.980864595058652
stage1,1,stroma,dilation,66845621,4.71487729475761,0.22610263649414167,3.56201171875,4.3894695281982425,4.545247554779053,4.688557863235474,4.828287601470947,4.937825679779053,6.293619632720947,"deterministic sampled reservoir, max=20000, stride=64",-0.9997091274142965,-0.980578413069134
stage1,1,stroma,band_weight_0,66845621,1.0,0.0,1.0,1.0,1.0,1.0,1.0,1.0,1.0,"deterministic sampled reservoir, max=20000, stride=64",nan,nan
stage1,1,stroma,band_weight_1,66845621,1.0,0.0,1.0,1.0,1.0,1.0,1.0,1.0,1.0,"deterministic sampled reservoir, max=20000, stride=64",nan,nan
stage1,1,stroma,band_weight_2,66845621,1.0,0.0,1.0,1.0,1.0,1.0,1.0,1.0,1.0,"deterministic sampled reservoir, max=20000, stride=64",nan,nan
stage1,1,stroma,band_weight_3,66845621,1.125,0.0,1.125,1.125,1.125,1.125,1.125,1.125,1.125,"deterministic sampled reservoir, max=20000, stride=64",nan,nan
stage1,1,stroma,high_frequency_ratio,66845621,0.40376353334061343,0.04188282779730851,0.11112955212593079,0.3618947297334671,0.38264936208724976,0.4072157144546509,0.4342668801546097,0.46325771808624266,0.6365798711776733,"deterministic sampled reservoir, max=20000, stride=64",0.980864595058652,0.9999999999976582
stage1,1,stroma,g_low,66845621,1.0,0.0,1.0,1.0,1.0,1.0,1.0,1.0,1.0,"deterministic sampled reservoir, max=20000, stride=64",nan,nan
stage1,1,stroma,g_high,66845621,1.0,0.0,1.0,1.0,1.0,1.0,1.0,1.0,1.0,"deterministic sampled reservoir, max=20000, stride=64",nan,nan
stage1,1,stroma,g_high_over_low,66845621,1.0,0.0,1.0,1.0,1.0,1.0,1.0,1.0,1.0,"deterministic sampled reservoir, max=20000, stride=64",nan,nan
stage1,1,stroma,g_low_channel_std,66845621,0.0006866455078125,0.0,0.0006866455078125,0.0006866455078125,0.0006866455078125,0.0006866455078125,0.0006866455078125,0.0006866455078125,0.0006866455078125,"deterministic sampled reservoir, max=20000, stride=64",nan,nan
stage1,1,stroma,g_high_channel_std,66845621,0.0,0.0,0.0,0.0,0.0,0.0,0.0,0.0,0.0,"deterministic sampled reservoir, max=20000, stride=64",nan,nan
stage1,1,stroma,anchor_lambda,66845621,0.341796875,0.0,0.341796875,0.341796875,0.341796875,0.341796875,0.341796875,0.341796875,0.341796875,"deterministic sampled reservoir, max=20000, stride=64",nan,nan
stage1,1,stroma,gamma_context,66845621,1.1953125,0.0,1.1953125,1.1953125,1.1953125,1.1953125,1.1953125,1.1953125,1.1953125,"deterministic sampled reservoir, max=20000, stride=64",nan,nan
stage1,1,stroma,r_fa,66845621,0.7462491953952279,0.05166143729086472,0.5269840359687805,0.6965129911899567,0.7273636609315872,0.7702137529850006,0.7989009320735931,0.8180384635925293,1.4859174489974976,"deterministic sampled reservoir, max=20000, stride=64",0.09240202201558669,0.07905617060435052
stage1,1,stroma,r_mpr,66845621,0.2554145033333347,0.017681869359824243,0.1803678721189499,0.23839159458875656,0.24895066767930984,0.26361672580242157,0.2734353169798851,0.2799854397773743,0.5085766315460205,"deterministic sampled reservoir, max=20000, stride=64",0.0924020359752611,0.07905618347790266
stage1,2,normal,morphology,20708801,0.41375725050212814,0.0349852475398735,0.1893717497587204,0.3699239194393158,0.3905741274356842,0.4137166440486908,0.437896728515625,0.46056214272975926,0.5744832158088684,"deterministic sampled reservoir, max=20000, stride=64",0.999999999951245,0.9780683264514729
stage1,2,normal,dilation,20708801,4.517474408057006,0.209936495114755,3.556884765625,4.2372884273529055,4.372395992279053,4.515299320220947,4.65625,4.784033346176148,5.864908695220947,"deterministic sampled reservoir, max=20000, stride=64",-0.9996711609586008,-0.9777363598862598
stage1,2,normal,band_weight_0,20708801,1.0,0.0,1.0,1.0,1.0,1.0,1.0,1.0,1.0,"deterministic sampled reservoir, max=20000, stride=64",nan,nan
stage1,2,normal,band_weight_1,20708801,1.0,0.0,1.0,1.0,1.0,1.0,1.0,1.0,1.0,"deterministic sampled reservoir, max=20000, stride=64",nan,nan
stage1,2,normal,band_weight_2,20708801,1.0,0.0,1.0,1.0,1.0,1.0,1.0,1.0,1.0,"deterministic sampled reservoir, max=20000, stride=64",nan,nan
stage1,2,normal,band_weight_3,20708801,1.125,0.0,1.125,1.125,1.125,1.125,1.125,1.125,1.125,"deterministic sampled reservoir, max=20000, stride=64",nan,nan
stage1,2,normal,high_frequency_ratio,20708801,0.43731719126589064,0.040236167528832356,0.19469834864139557,0.38757575750350953,0.41057369112968445,0.4362442195415497,0.46404194086790085,0.4919576674699784,0.6366727948188782,"deterministic sampled reservoir, max=20000, stride=64",0.9780683264514729,0.9999999999971884
stage1,2,normal,g_low,20708801,1.0,0.0,1.0,1.0,1.0,1.0,1.0,1.0,1.0,"deterministic sampled reservoir, max=20000, stride=64",nan,nan
stage1,2,normal,g_high,20708801,1.0,0.0,1.0,1.0,1.0,1.0,1.0,1.0,1.0,"deterministic sampled reservoir, max=20000, stride=64",nan,nan
stage1,2,normal,g_high_over_low,20708801,1.0,0.0,1.0,1.0,1.0,1.0,1.0,1.0,1.0,"deterministic sampled reservoir, max=20000, stride=64",nan,nan
stage1,2,normal,g_low_channel_std,20708801,0.0006866455078125,0.0,0.0006866455078125,0.0006866455078125,0.0006866455078125,0.0006866455078125,0.0006866455078125,0.0006866455078125,0.0006866455078125,"deterministic sampled reservoir, max=20000, stride=64",nan,nan
stage1,2,normal,g_high_channel_std,20708801,0.0,0.0,0.0,0.0,0.0,0.0,0.0,0.0,0.0,"deterministic sampled reservoir, max=20000, stride=64",nan,nan
stage1,2,normal,anchor_lambda,20708801,0.341796875,0.0,0.341796875,0.341796875,0.341796875,0.341796875,0.341796875,0.341796875,0.341796875,"deterministic sampled reservoir, max=20000, stride=64",nan,nan
stage1,2,normal,gamma_context,20708801,1.1953125,0.0,1.1953125,1.1953125,1.1953125,1.1953125,1.1953125,1.1953125,1.1953125,"deterministic sampled reservoir, max=20000, stride=64",nan,nan
stage1,2,normal,r_fa,20708801,0.7843818214594681,0.03330112954339119,0.5290336012840271,0.7510465025901795,0.7724598199129105,0.7905529141426086,0.8054392337799072,0.8162689626216889,1.3377183675765991,"deterministic sampled reservoir, max=20000, stride=64",-0.11339350251489021,-0.10806651598638607
stage1,2,normal,r_mpr,20708801,0.26846594364736315,0.011397789836914586,0.18106932938098907,0.25705642700195314,0.2643854543566704,0.2705781012773514,0.27567313611507416,0.2793797492980957,0.4578533172607422,"deterministic sampled reservoir, max=20000, stride=64",-0.11339348720502711,-0.10806650134596799
stage1,3,necrosis,morphology,9303081,0.39549512936149117,0.035722907113391954,0.1545155793428421,0.3595682680606842,0.3781941831111908,0.4003804624080658,0.4248860776424408,0.448333740234375,0.5600993037223816,"deterministic sampled reservoir, max=20000, stride=64",0.9999999999477133,0.977499860313265
stage1,3,necrosis,dilation,9303081,4.627039219044607,0.2143854072126129,3.6390788555145264,4.30859375,4.4521484375,4.600423336029053,4.728678226470947,4.842447757720947,6.0771484375,"deterministic sampled reservoir, max=20000, stride=64",-0.9996726220222806,-0.977172653188187
stage1,3,necrosis,band_weight_0,9303081,1.0,0.0,1.0,1.0,1.0,1.0,1.0,1.0,1.0,"deterministic sampled reservoir, max=20000, stride=64",nan,nan
stage1,3,necrosis,band_weight_1,9303081,1.0,0.0,1.0,1.0,1.0,1.0,1.0,1.0,1.0,"deterministic sampled reservoir, max=20000, stride=64",nan,nan
stage1,3,necrosis,band_weight_2,9303081,1.0,0.0,1.0,1.0,1.0,1.0,1.0,1.0,1.0,"deterministic sampled reservoir, max=20000, stride=64",nan,nan
stage1,3,necrosis,band_weight_3,9303081,1.125,0.0,1.125,1.125,1.125,1.125,1.125,1.125,1.125,"deterministic sampled reservoir, max=20000, stride=64",nan,nan
stage1,3,necrosis,high_frequency_ratio,9303081,0.41882413093616433,0.040430591211004126,0.15729069709777832,0.3774248123168945,0.3983290493488312,0.4234483689069748,0.450656920671463,0.47748176455497743,0.6289622187614441,"deterministic sampled reservoir, max=20000, stride=64",0.977499860313265,0.9999999999971814
stage1,3,necrosis,g_low,9303081,1.0,0.0,1.0,1.0,1.0,1.0,1.0,1.0,1.0,"deterministic sampled reservoir, max=20000, stride=64",nan,nan
stage1,3,necrosis,g_high,9303081,1.0,0.0,1.0,1.0,1.0,1.0,1.0,1.0,1.0,"deterministic sampled reservoir, max=20000, stride=64",nan,nan
stage1,3,necrosis,g_high_over_low,9303081,1.0,0.0,1.0,1.0,1.0,1.0,1.0,1.0,1.0,"deterministic sampled reservoir, max=20000, stride=64",nan,nan
stage1,3,necrosis,g_low_channel_std,9303081,0.0006866455078125,0.0,0.0006866455078125,0.0006866455078125,0.0006866455078125,0.0006866455078125,0.0006866455078125,0.0006866455078125,0.0006866455078125,"deterministic sampled reservoir, max=20000, stride=64",nan,nan
stage1,3,necrosis,g_high_channel_std,9303081,0.0,0.0,0.0,0.0,0.0,0.0,0.0,0.0,0.0,"deterministic sampled reservoir, max=20000, stride=64",nan,nan
stage1,3,necrosis,anchor_lambda,9303081,0.341796875,0.0,0.341796875,0.341796875,0.341796875,0.341796875,0.341796875,0.341796875,0.341796875,"deterministic sampled reservoir, max=20000, stride=64",nan,nan
stage1,3,necrosis,gamma_context,9303081,1.1953125,0.0,1.1953125,1.1953125,1.1953125,1.1953125,1.1953125,1.1953125,1.1953125,"deterministic sampled reservoir, max=20000, stride=64",nan,nan
stage1,3,necrosis,r_fa,9303081,0.8066610956416027,0.02399057981823783,0.5615556836128235,0.7740267872810364,0.7917668968439102,0.808379739522934,0.8215668052434921,0.8313047766685486,1.1883906126022339,"deterministic sampled reservoir, max=20000, stride=64",-0.19057194986355822,-0.1755389129526446
stage1,3,necrosis,r_mpr,9303081,0.27609134369985217,0.00821112017278418,0.19220049679279327,0.2649217665195465,0.27099359035491943,0.27667956054210663,0.2811930701136589,0.28452597856521605,0.40674376487731934,"deterministic sampled reservoir, max=20000, stride=64",-0.19057192645689972,-0.17553889021826838
stage2,0,tumor,morphology,61781842,0.35509844379009264,0.039775316288207185,0.1171671524643898,0.3092035919427872,0.3338247835636139,0.3616536557674408,0.38835207372903824,0.4106147855520249,0.5329564213752747,"deterministic sampled reservoir, max=20000, stride=64",0.9999999999935264,0.9749407695138916
stage2,0,tumor,dilation,61781842,4.869405119366026,0.23870601417240078,3.7998046875,4.53515625,4.669850826263428,4.830281734466553,4.996999025344849,5.144779443740845,6.30810546875,"deterministic sampled reservoir, max=20000, stride=64",-0.9997645647337651,-0.9747134951946317
stage2,0,tumor,band_weight_0,61781842,0.9921875,0.0,0.9921875,0.9921875,0.9921875,0.9921875,0.9921875,0.9921875,0.9921875,"deterministic sampled reservoir, max=20000, stride=64",nan,nan
stage2,0,tumor,band_weight_1,61781842,1.0078125,0.0,1.0078125,1.0078125,1.0078125,1.0078125,1.0078125,1.0078125,1.0078125,"deterministic sampled reservoir, max=20000, stride=64",nan,nan
stage2,0,tumor,band_weight_2,61781842,1.0,0.0,1.0,1.0,1.0,1.0,1.0,1.0,1.0,"deterministic sampled reservoir, max=20000, stride=64",nan,nan
stage2,0,tumor,band_weight_3,61781842,1.2109375,0.0,1.2109375,1.2109375,1.2109375,1.2109375,1.2109375,1.2109375,1.2109375,"deterministic sampled reservoir, max=20000, stride=64",nan,nan
stage2,0,tumor,high_frequency_ratio,61781842,0.3887581902137702,0.04804482761514366,0.11609965562820435,0.3331936538219452,0.3624524176120758,0.3947053700685501,0.427643246948719,0.45663605332374574,0.6226146817207336,"deterministic sampled reservoir, max=20000, stride=64",0.9749407695138916,0.9999999999979319
stage2,0,tumor,g_low,61781842,1.0,0.0,1.0,1.0,1.0,1.0,1.0,1.0,1.0,"deterministic sampled reservoir, max=20000, stride=64",nan,nan
stage2,0,tumor,g_high,61781842,1.0,0.0,1.0,1.0,1.0,1.0,1.0,1.0,1.0,"deterministic sampled reservoir, max=20000, stride=64",nan,nan
stage2,0,tumor,g_high_over_low,61781842,1.0,0.0,1.0,1.0,1.0,1.0,1.0,1.0,1.0,"deterministic sampled reservoir, max=20000, stride=64",nan,nan
stage2,0,tumor,g_low_channel_std,61781842,0.001739501953125,0.0,0.001739501953125,0.001739501953125,0.001739501953125,0.001739501953125,0.001739501953125,0.001739501953125,0.001739501953125,"deterministic sampled reservoir, max=20000, stride=64",nan,nan
stage2,0,tumor,g_high_channel_std,61781842,0.0,0.0,0.0,0.0,0.0,0.0,0.0,0.0,0.0,"deterministic sampled reservoir, max=20000, stride=64",nan,nan
stage2,0,tumor,anchor_lambda,61781842,0.326171875,0.0,0.326171875,0.326171875,0.326171875,0.326171875,0.326171875,0.326171875,0.326171875,"deterministic sampled reservoir, max=20000, stride=64",nan,nan
stage2,0,tumor,gamma_context,61781842,1.5859375,0.0,1.5859375,1.5859375,1.5859375,1.5859375,1.5859375,1.5859375,1.5859375,"deterministic sampled reservoir, max=20000, stride=64",nan,nan
stage2,0,tumor,r_fa,61781842,0.7474215939219032,0.05307407376777905,0.5635583996772766,0.6745892226696014,0.7065032869577408,0.7565807998180389,0.7913667410612106,0.8083886504173279,1.5784287452697754,"deterministic sampled reservoir, max=20000, stride=64",-0.07353891132553601,-0.09282972908085126
stage2,0,tumor,r_mpr,61781842,0.24314801452177615,0.017265831175961328,0.18333439528942108,0.2194545090198517,0.22983664274215698,0.2461276352405548,0.2574440538883209,0.2629815250635147,0.513487696647644,"deterministic sampled reservoir, max=20000, stride=64",-0.07353890948344062,-0.0928297276042461
stage2,1,stroma,morphology,66845621,0.3390746372591878,0.04986511904137873,0.12526004016399384,0.28078435361385345,0.315299354493618,0.3504180908203125,0.38297589868307114,0.40945536196231846,0.5591023564338684,"deterministic sampled reservoir, max=20000, stride=64",1.0000000000006752,0.9794802323219254
stage2,1,stroma,dilation,66845621,4.9655459920491385,0.29923053042737924,3.6456706523895264,4.543009281158447,4.701680421829224,4.897786617279053,5.108011960983276,5.315470218658447,6.247477054595947,"deterministic sampled reservoir, max=20000, stride=64",-0.9998517979161207,-0.97933576111322
stage2,1,stroma,band_weight_0,66845621,0.9921875,0.0,0.9921875,0.9921875,0.9921875,0.9921875,0.9921875,0.9921875,0.9921875,"deterministic sampled reservoir, max=20000, stride=64",nan,nan
stage2,1,stroma,band_weight_1,66845621,1.0078125,0.0,1.0078125,1.0078125,1.0078125,1.0078125,1.0078125,1.0078125,1.0078125,"deterministic sampled reservoir, max=20000, stride=64",nan,nan
stage2,1,stroma,band_weight_2,66845621,1.0,0.0,1.0,1.0,1.0,1.0,1.0,1.0,1.0,"deterministic sampled reservoir, max=20000, stride=64",nan,nan
stage2,1,stroma,band_weight_3,66845621,1.2109375,0.0,1.2109375,1.2109375,1.2109375,1.2109375,1.2109375,1.2109375,1.2109375,"deterministic sampled reservoir, max=20000, stride=64",nan,nan
stage2,1,stroma,high_frequency_ratio,66845621,0.3716708335871464,0.05875822327343187,0.12118057161569595,0.30314019322395325,0.3422205448150635,0.3822798430919647,0.42182812839746475,0.4544741779565812,0.6607629656791687,"deterministic sampled reservoir, max=20000, stride=64",0.9794802323219254,0.9999999999988504
stage2,1,stroma,g_low,66845621,1.0,0.0,1.0,1.0,1.0,1.0,1.0,1.0,1.0,"deterministic sampled reservoir, max=20000, stride=64",nan,nan
stage2,1,stroma,g_high,66845621,1.0,0.0,1.0,1.0,1.0,1.0,1.0,1.0,1.0,"deterministic sampled reservoir, max=20000, stride=64",nan,nan
stage2,1,stroma,g_high_over_low,66845621,1.0,0.0,1.0,1.0,1.0,1.0,1.0,1.0,1.0,"deterministic sampled reservoir, max=20000, stride=64",nan,nan
stage2,1,stroma,g_low_channel_std,66845621,0.001739501953125,0.0,0.001739501953125,0.001739501953125,0.001739501953125,0.001739501953125,0.001739501953125,0.001739501953125,0.001739501953125,"deterministic sampled reservoir, max=20000, stride=64",nan,nan
stage2,1,stroma,g_high_channel_std,66845621,0.0,0.0,0.0,0.0,0.0,0.0,0.0,0.0,0.0,"deterministic sampled reservoir, max=20000, stride=64",nan,nan
stage2,1,stroma,anchor_lambda,66845621,0.326171875,0.0,0.326171875,0.326171875,0.326171875,0.326171875,0.326171875,0.326171875,0.326171875,"deterministic sampled reservoir, max=20000, stride=64",nan,nan
stage2,1,stroma,gamma_context,66845621,1.5859375,0.0,1.5859375,1.5859375,1.5859375,1.5859375,1.5859375,1.5859375,1.5859375,"deterministic sampled reservoir, max=20000, stride=64",nan,nan
stage2,1,stroma,r_fa,66845621,0.7596091648129851,0.05513011891803716,0.5504341721534729,0.6801482975482941,0.7138397693634033,0.7621407806873322,0.7970002740621567,0.8264347672462463,2.118891954421997,"deterministic sampled reservoir, max=20000, stride=64",-0.02530660414698312,-0.048126922013747166
stage2,1,stroma,r_mpr,66845621,0.2471128223792479,0.01793469485543489,0.17906491458415985,0.22126293629407884,0.23222332447767258,0.2479364052414894,0.25927671790122986,0.26885225474834445,0.6893089413642883,"deterministic sampled reservoir, max=20000, stride=64",-0.025306590397076407,-0.04812690990198385
stage2,2,normal,morphology,20708801,0.36540338236204084,0.03861656131182333,0.1967875212430954,0.3186086118221283,0.34358279407024384,0.3713010251522064,0.3975842818617821,0.4188774108886719,0.5139389038085938,"deterministic sampled reservoir, max=20000, stride=64",0.9999999999981202,0.9733054321657463
stage2,2,normal,dilation,20708801,4.807570180787234,0.23177100233769424,3.9165446758270264,4.4863646030426025,4.61474609375,4.772786617279053,4.938710689544678,5.087972164154053,5.809163570404053,"deterministic sampled reservoir, max=20000, stride=64",-0.9997495544061146,-0.9730501630819065
stage2,2,normal,band_weight_0,20708801,0.9921875,0.0,0.9921875,0.9921875,0.9921875,0.9921875,0.9921875,0.9921875,0.9921875,"deterministic sampled reservoir, max=20000, stride=64",nan,nan
stage2,2,normal,band_weight_1,20708801,1.0078125,0.0,1.0078125,1.0078125,1.0078125,1.0078125,1.0078125,1.0078125,1.0078125,"deterministic sampled reservoir, max=20000, stride=64",nan,nan
stage2,2,normal,band_weight_2,20708801,1.0,0.0,1.0,1.0,1.0,1.0,1.0,1.0,1.0,"deterministic sampled reservoir, max=20000, stride=64",nan,nan
stage2,2,normal,band_weight_3,20708801,1.2109375,0.0,1.2109375,1.2109375,1.2109375,1.2109375,1.2109375,1.2109375,1.2109375,"deterministic sampled reservoir, max=20000, stride=64",nan,nan
stage2,2,normal,high_frequency_ratio,20708801,0.39971438702319834,0.046474520731067274,0.19292640686035156,0.34328014552593233,0.3727656602859497,0.40493616461753845,0.4367583319544792,0.4629959583282471,0.609464168548584,"deterministic sampled reservoir, max=20000, stride=64",0.9733054321657463,0.9999999999982523
stage2,2,normal,g_low,20708801,1.0,0.0,1.0,1.0,1.0,1.0,1.0,1.0,1.0,"deterministic sampled reservoir, max=20000, stride=64",nan,nan
stage2,2,normal,g_high,20708801,1.0,0.0,1.0,1.0,1.0,1.0,1.0,1.0,1.0,"deterministic sampled reservoir, max=20000, stride=64",nan,nan
stage2,2,normal,g_high_over_low,20708801,1.0,0.0,1.0,1.0,1.0,1.0,1.0,1.0,1.0,"deterministic sampled reservoir, max=20000, stride=64",nan,nan
stage2,2,normal,g_low_channel_std,20708801,0.001739501953125,0.0,0.001739501953125,0.001739501953125,0.001739501953125,0.001739501953125,0.001739501953125,0.001739501953125,0.001739501953125,"deterministic sampled reservoir, max=20000, stride=64",nan,nan
stage2,2,normal,g_high_channel_std,20708801,0.0,0.0,0.0,0.0,0.0,0.0,0.0,0.0,0.0,"deterministic sampled reservoir, max=20000, stride=64",nan,nan
stage2,2,normal,anchor_lambda,20708801,0.326171875,0.0,0.326171875,0.326171875,0.326171875,0.326171875,0.326171875,0.326171875,0.326171875,"deterministic sampled reservoir, max=20000, stride=64",nan,nan
stage2,2,normal,gamma_context,20708801,1.5859375,0.0,1.5859375,1.5859375,1.5859375,1.5859375,1.5859375,1.5859375,1.5859375,"deterministic sampled reservoir, max=20000, stride=64",nan,nan
stage2,2,normal,r_fa,20708801,0.8156601300242632,0.052388797605951797,0.5513277053833008,0.7265406608581543,0.76835498213768,0.8118521571159363,0.8490962982177734,0.8725274443626404,1.3209856748580933,"deterministic sampled reservoir, max=20000, stride=64",-0.2401447258850877,-0.24052035611124287
stage2,2,normal,r_mpr,20708801,0.2653470809951715,0.017042897944247345,0.17935557663440704,0.23635511994361877,0.24995797500014305,0.2641083002090454,0.27622437477111816,0.28384692668914796,0.4297374188899994,"deterministic sampled reservoir, max=20000, stride=64",-0.24014469998475724,-0.24052033340557163
stage2,3,necrosis,morphology,9303081,0.353438374055716,0.04521343575071202,0.11225191503763199,0.2987462282180786,0.3268871232867241,0.3572591245174408,0.38713327050209045,0.41121392846107485,0.5314076542854309,"deterministic sampled reservoir, max=20000, stride=64",0.999999999996307,0.9784272596030495
stage2,3,necrosis,dilation,9303081,4.879361278513516,0.27130241002156047,3.8138427734375,4.53172607421875,4.6765440702438354,4.855916500091553,5.0387879610061646,5.208504247665405,6.337076663970947,"deterministic sampled reservoir, max=20000, stride=64",-0.999818788596106,-0.9782519127929122
stage2,3,necrosis,band_weight_0,9303081,0.9921875,0.0,0.9921875,0.9921875,0.9921875,0.9921875,0.9921875,0.9921875,0.9921875,"deterministic sampled reservoir, max=20000, stride=64",nan,nan
stage2,3,necrosis,band_weight_1,9303081,1.0078125,0.0,1.0078125,1.0078125,1.0078125,1.0078125,1.0078125,1.0078125,1.0078125,"deterministic sampled reservoir, max=20000, stride=64",nan,nan
stage2,3,necrosis,band_weight_2,9303081,1.0,0.0,1.0,1.0,1.0,1.0,1.0,1.0,1.0,"deterministic sampled reservoir, max=20000, stride=64",nan,nan
stage2,3,necrosis,band_weight_3,9303081,1.2109375,0.0,1.2109375,1.2109375,1.2109375,1.2109375,1.2109375,1.2109375,1.2109375,"deterministic sampled reservoir, max=20000, stride=64",nan,nan
stage2,3,necrosis,high_frequency_ratio,9303081,0.3864619905404116,0.05432249491591856,0.10473919659852982,0.32148017883300783,0.35435155034065247,0.3904265761375427,0.4267210215330124,0.4564502984285355,0.6259785294532776,"deterministic sampled reservoir, max=20000, stride=64",0.9784272596030495,0.9999999999986173
stage2,3,necrosis,g_low,9303081,1.0,0.0,1.0,1.0,1.0,1.0,1.0,1.0,1.0,"deterministic sampled reservoir, max=20000, stride=64",nan,nan
stage2,3,necrosis,g_high,9303081,1.0,0.0,1.0,1.0,1.0,1.0,1.0,1.0,1.0,"deterministic sampled reservoir, max=20000, stride=64",nan,nan
stage2,3,necrosis,g_high_over_low,9303081,1.0,0.0,1.0,1.0,1.0,1.0,1.0,1.0,1.0,"deterministic sampled reservoir, max=20000, stride=64",nan,nan
stage2,3,necrosis,g_low_channel_std,9303081,0.001739501953125,0.0,0.001739501953125,0.001739501953125,0.001739501953125,0.001739501953125,0.001739501953125,0.001739501953125,0.001739501953125,"deterministic sampled reservoir, max=20000, stride=64",nan,nan
stage2,3,necrosis,g_high_channel_std,9303081,0.0,0.0,0.0,0.0,0.0,0.0,0.0,0.0,0.0,"deterministic sampled reservoir, max=20000, stride=64",nan,nan
stage2,3,necrosis,anchor_lambda,9303081,0.326171875,0.0,0.326171875,0.326171875,0.326171875,0.326171875,0.326171875,0.326171875,0.326171875,"deterministic sampled reservoir, max=20000, stride=64",nan,nan
stage2,3,necrosis,gamma_context,9303081,1.5859375,0.0,1.5859375,1.5859375,1.5859375,1.5859375,1.5859375,1.5859375,1.5859375,"deterministic sampled reservoir, max=20000, stride=64",nan,nan
stage2,3,necrosis,r_fa,9303081,0.7920294605801248,0.05300585829874391,0.6138165593147278,0.7230448663234711,0.7606036365032196,0.8020980358123779,0.8385370075702667,0.8605470418930053,1.7451776266098022,"deterministic sampled reservoir, max=20000, stride=64",-0.12105956413359296,-0.12297209760553028
stage2,3,necrosis,r_mpr,9303081,0.25765965416397046,0.017243639224922558,0.19968418776988983,0.23521787524223328,0.24743635579943657,0.26093511283397675,0.27278926968574524,0.2799495071172714,0.5677337646484375,"deterministic sampled reservoir, max=20000, stride=64",-0.12105955742943224,-0.12297209184443164
stage3,0,tumor,morphology,61781842,0.2271189182630658,0.04153155078049191,0.10304323583841324,0.17106832265853883,0.19751230627298355,0.22786648571491241,0.2557353898882866,0.2806955873966217,0.390350341796875,"deterministic sampled reservoir, max=20000, stride=64",0.9999999999974415,0.9893806571450019
stage3,0,tumor,dilation,61781842,5.637268195428904,0.24926529256980032,4.6546630859375,5.315621089935303,5.464925289154053,5.632954835891724,5.814117431640625,5.972224807739258,6.375,"deterministic sampled reservoir, max=20000, stride=64",-0.9998004096551624,-0.9891800489253193
stage3,0,tumor,band_weight_0,61781842,1.0,0.0,1.0,1.0,1.0,1.0,1.0,1.0,1.0,"deterministic sampled reservoir, max=20000, stride=64",nan,nan
stage3,0,tumor,band_weight_1,61781842,0.9921875,0.0,0.9921875,0.9921875,0.9921875,0.9921875,0.9921875,0.9921875,0.9921875,"deterministic sampled reservoir, max=20000, stride=64",nan,nan
stage3,0,tumor,band_weight_2,61781842,1.0,0.0,1.0,1.0,1.0,1.0,1.0,1.0,1.0,"deterministic sampled reservoir, max=20000, stride=64",nan,nan
stage3,0,tumor,band_weight_3,61781842,1.203125,0.0,1.203125,1.203125,1.203125,1.203125,1.203125,1.203125,1.203125,"deterministic sampled reservoir, max=20000, stride=64",nan,nan
stage3,0,tumor,high_frequency_ratio,61781842,0.2526187511612638,0.04835868635196608,0.11206790059804916,0.18979483097791672,0.21698518097400665,0.2513585835695267,0.2853776291012764,0.3159629136323929,0.45712581276893616,"deterministic sampled reservoir, max=20000, stride=64",0.9893806571450019,0.9999999999989496
stage3,0,tumor,g_low,61781842,1.0,0.0,1.0,1.0,1.0,1.0,1.0,1.0,1.0,"deterministic sampled reservoir, max=20000, stride=64",nan,nan
stage3,0,tumor,g_high,61781842,1.0,0.0,1.0,1.0,1.0,1.0,1.0,1.0,1.0,"deterministic sampled reservoir, max=20000, stride=64",nan,nan
stage3,0,tumor,g_high_over_low,61781842,1.0,0.0,1.0,1.0,1.0,1.0,1.0,1.0,1.0,"deterministic sampled reservoir, max=20000, stride=64",nan,nan
stage3,0,tumor,g_low_channel_std,61781842,0.0009378956483810363,1.2401051627957052e-05,0.00090789794921875,0.00090789794921875,0.00090789794921875,0.000942230224609375,0.000942230224609375,0.000942230224609375,0.00096893310546875,"deterministic sampled reservoir, max=20000, stride=64",-0.08450649686706246,-0.07440905612731381
stage3,0,tumor,g_high_channel_std,61781842,0.0,0.0,0.0,0.0,0.0,0.0,0.0,0.0,0.0,"deterministic sampled reservoir, max=20000, stride=64",nan,nan
stage3,0,tumor,anchor_lambda,61781842,0.3671875,0.0,0.3671875,0.3671875,0.3671875,0.3671875,0.3671875,0.3671875,0.3671875,"deterministic sampled reservoir, max=20000, stride=64",nan,nan
stage3,0,tumor,gamma_context,61781842,1.1953125,0.0,1.1953125,1.1953125,1.1953125,1.1953125,1.1953125,1.1953125,1.1953125,"deterministic sampled reservoir, max=20000, stride=64",nan,nan
stage3,0,tumor,r_fa,61781842,0.6706780143479952,0.05492607138504081,0.499847412109375,0.6077993988990784,0.6349179744720459,0.6709276437759399,0.7148108333349228,0.7443640649318696,1.2236993312835693,"deterministic sampled reservoir, max=20000, stride=64",-0.41057985737698555,-0.4106495164737741
stage3,0,tumor,r_mpr,61781842,0.24617509804240598,0.020160838312681624,0.18347103893756866,0.22309526056051254,0.23304923623800278,0.246266707777977,0.26237423717975616,0.27322185337543486,0.4491638243198395,"deterministic sampled reservoir, max=20000, stride=64",-0.41057985718865686,-0.41064951627013985
stage3,1,stroma,morphology,66845621,0.23263786996266042,0.041855747072226133,0.08849271386861801,0.17937101125717164,0.20593960583209991,0.23551305383443832,0.26469865441322327,0.290052804350853,0.3908589780330658,"deterministic sampled reservoir, max=20000, stride=64",0.999999999998586,0.9894399534935331
stage3,1,stroma,dilation,66845621,5.604156063216799,0.25118436975734104,4.651814937591553,5.259053421020508,5.4112548828125,5.58660888671875,5.7657470703125,5.92578125,6.478475093841553,"deterministic sampled reservoir, max=20000, stride=64",-0.9998040492011543,-0.9892441778872815
stage3,1,stroma,band_weight_0,66845621,1.0,0.0,1.0,1.0,1.0,1.0,1.0,1.0,1.0,"deterministic sampled reservoir, max=20000, stride=64",nan,nan
stage3,1,stroma,band_weight_1,66845621,0.9921875,0.0,0.9921875,0.9921875,0.9921875,0.9921875,0.9921875,0.9921875,0.9921875,"deterministic sampled reservoir, max=20000, stride=64",nan,nan
stage3,1,stroma,band_weight_2,66845621,1.0,0.0,1.0,1.0,1.0,1.0,1.0,1.0,1.0,"deterministic sampled reservoir, max=20000, stride=64",nan,nan
stage3,1,stroma,band_weight_3,66845621,1.203125,0.0,1.203125,1.203125,1.203125,1.203125,1.203125,1.203125,1.203125,"deterministic sampled reservoir, max=20000, stride=64",nan,nan
stage3,1,stroma,high_frequency_ratio,66845621,0.25833539561952057,0.04882992221502225,0.0975220799446106,0.19792429655790328,0.2262534685432911,0.26029060781002045,0.2943788915872574,0.32573185861110693,0.4626105725765228,"deterministic sampled reservoir, max=20000, stride=64",0.9894399534935331,0.9999999999990047
stage3,1,stroma,g_low,66845621,1.0,0.0,1.0,1.0,1.0,1.0,1.0,1.0,1.0,"deterministic sampled reservoir, max=20000, stride=64",nan,nan
stage3,1,stroma,g_high,66845621,1.0,0.0,1.0,1.0,1.0,1.0,1.0,1.0,1.0,"deterministic sampled reservoir, max=20000, stride=64",nan,nan
stage3,1,stroma,g_high_over_low,66845621,1.0,0.0,1.0,1.0,1.0,1.0,1.0,1.0,1.0,"deterministic sampled reservoir, max=20000, stride=64",nan,nan
stage3,1,stroma,g_low_channel_std,66845621,0.0009412023340411249,9.244195056959264e-06,0.00090789794921875,0.000919342041015625,0.000942230224609375,0.000942230224609375,0.000942230224609375,0.000942230224609375,0.00096893310546875,"deterministic sampled reservoir, max=20000, stride=64",-0.06802463617884931,-0.059669868115854875
stage3,1,stroma,g_high_channel_std,66845621,0.0,0.0,0.0,0.0,0.0,0.0,0.0,0.0,0.0,"deterministic sampled reservoir, max=20000, stride=64",nan,nan
stage3,1,stroma,anchor_lambda,66845621,0.3671875,0.0,0.3671875,0.3671875,0.3671875,0.3671875,0.3671875,0.3671875,0.3671875,"deterministic sampled reservoir, max=20000, stride=64",nan,nan
stage3,1,stroma,gamma_context,66845621,1.1953125,0.0,1.1953125,1.1953125,1.1953125,1.1953125,1.1953125,1.1953125,1.1953125,"deterministic sampled reservoir, max=20000, stride=64",nan,nan
stage3,1,stroma,r_fa,66845621,0.7110764957120197,0.05351271086336083,0.5009491443634033,0.631534731388092,0.66363824903965,0.7031029760837555,0.7392813861370087,0.7705245137214661,1.2839514017105103,"deterministic sampled reservoir, max=20000, stride=64",-0.3609289923785521,-0.3484903417642204
stage3,1,stroma,r_mpr,66845621,0.2610035249177548,0.01964205849166163,0.1838754266500473,0.23180739283561708,0.24359112232923508,0.25807684659957886,0.2713562622666359,0.2828241527080536,0.4712796211242676,"deterministic sampled reservoir, max=20000, stride=64",-0.360928993468041,-0.34849034289910197
stage3,2,normal,morphology,20708801,0.22293263542304548,0.042529413960078144,0.09087689965963364,0.1757672667503357,0.20218340680003166,0.23096466064453125,0.25873151421546936,0.2827916473150253,0.3797963559627533,"deterministic sampled reservoir, max=20000, stride=64",0.9999999999993286,0.989394178155499
stage3,2,normal,dilation,20708801,5.662368928746911,0.2552130175273585,4.717529296875,5.303385257720947,5.445902466773987,5.613423585891724,5.786183595657349,5.946211624145508,6.4576416015625,"deterministic sampled reservoir, max=20000, stride=64",-0.9998085403219641,-0.9892042718169012
stage3,2,normal,band_weight_0,20708801,1.0,0.0,1.0,1.0,1.0,1.0,1.0,1.0,1.0,"deterministic sampled reservoir, max=20000, stride=64",nan,nan
stage3,2,normal,band_weight_1,20708801,0.9921875,0.0,0.9921875,0.9921875,0.9921875,0.9921875,0.9921875,0.9921875,0.9921875,"deterministic sampled reservoir, max=20000, stride=64",nan,nan
stage3,2,normal,band_weight_2,20708801,1.0,0.0,1.0,1.0,1.0,1.0,1.0,1.0,1.0,"deterministic sampled reservoir, max=20000, stride=64",nan,nan
stage3,2,normal,band_weight_3,20708801,1.203125,0.0,1.203125,1.203125,1.203125,1.203125,1.203125,1.203125,1.203125,"deterministic sampled reservoir, max=20000, stride=64",nan,nan
stage3,2,normal,high_frequency_ratio,20708801,0.24828236383990895,0.04907727651090656,0.09911877661943436,0.19421095699071883,0.22252443060278893,0.2552501708269119,0.2883933335542679,0.31714193522930145,0.45228102803230286,"deterministic sampled reservoir, max=20000, stride=64",0.989394178155499,0.9999999999991761
stage3,2,normal,g_low,20708801,1.0,0.0,1.0,1.0,1.0,1.0,1.0,1.0,1.0,"deterministic sampled reservoir, max=20000, stride=64",nan,nan
stage3,2,normal,g_high,20708801,1.0,0.0,1.0,1.0,1.0,1.0,1.0,1.0,1.0,"deterministic sampled reservoir, max=20000, stride=64",nan,nan
stage3,2,normal,g_high_over_low,20708801,1.0,0.0,1.0,1.0,1.0,1.0,1.0,1.0,1.0,"deterministic sampled reservoir, max=20000, stride=64",nan,nan
stage3,2,normal,g_low_channel_std,20708801,0.0009537087901481597,1.4860025600817158e-05,0.00090789794921875,0.000942230224609375,0.000942230224609375,0.000942230224609375,0.00096893310546875,0.00096893310546875,0.00096893310546875,"deterministic sampled reservoir, max=20000, stride=64",-0.30728343830334026,-0.2764004775653474
stage3,2,normal,g_high_channel_std,20708801,0.0,0.0,0.0,0.0,0.0,0.0,0.0,0.0,0.0,"deterministic sampled reservoir, max=20000, stride=64",nan,nan
stage3,2,normal,anchor_lambda,20708801,0.3671875,0.0,0.3671875,0.3671875,0.3671875,0.3671875,0.3671875,0.3671875,0.3671875,"deterministic sampled reservoir, max=20000, stride=64",nan,nan
stage3,2,normal,gamma_context,20708801,1.1953125,0.0,1.1953125,1.1953125,1.1953125,1.1953125,1.1953125,1.1953125,1.1953125,"deterministic sampled reservoir, max=20000, stride=64",nan,nan
stage3,2,normal,r_fa,20708801,0.7149143890073768,0.06822583793299815,0.49918103218078613,0.6033226072788238,0.6386883854866028,0.6863926947116852,0.7338729798793793,0.7786654591560364,1.231580138206482,"deterministic sampled reservoir, max=20000, stride=64",-0.5837237116619529,-0.5563854731063163
stage3,2,normal,r_mpr,20708801,0.26241223973571326,0.02504257200175163,0.18322645127773285,0.2214520499110222,0.2344331592321396,0.2519432455301285,0.26937106996774673,0.2858123481273651,0.45205649733543396,"deterministic sampled reservoir, max=20000, stride=64",-0.5837237134430929,-0.5563854746365295
stage3,3,necrosis,morphology,9303081,0.22004194027863433,0.04412192064285909,0.0925750732421875,0.15510253459215165,0.1849397011101246,0.2166900634765625,0.2470162697136402,0.27356783449649813,0.37262725830078125,"deterministic sampled reservoir, max=20000, stride=64",0.9999999999979897,0.9902114507294864
stage3,3,necrosis,dilation,9303081,5.679725771085015,0.2648220820434684,4.762491703033447,5.358960103988648,5.518310546875,5.700093507766724,5.8916932344436646,6.0694215297698975,6.4466552734375,"deterministic sampled reservoir, max=20000, stride=64",-0.9998242946599095,-0.9900461167741863
stage3,3,necrosis,band_weight_0,9303081,1.0,0.0,1.0,1.0,1.0,1.0,1.0,1.0,1.0,"deterministic sampled reservoir, max=20000, stride=64",nan,nan
stage3,3,necrosis,band_weight_1,9303081,0.9921875,0.0,0.9921875,0.9921875,0.9921875,0.9921875,0.9921875,0.9921875,0.9921875,"deterministic sampled reservoir, max=20000, stride=64",nan,nan
stage3,3,necrosis,band_weight_2,9303081,1.0,0.0,1.0,1.0,1.0,1.0,1.0,1.0,1.0,"deterministic sampled reservoir, max=20000, stride=64",nan,nan
stage3,3,necrosis,band_weight_3,9303081,1.203125,0.0,1.203125,1.203125,1.203125,1.203125,1.203125,1.203125,1.203125,"deterministic sampled reservoir, max=20000, stride=64",nan,nan
stage3,3,necrosis,high_frequency_ratio,9303081,0.2450940412608577,0.05073834730359974,0.10078064352273941,0.1735038310289383,0.2039826549589634,0.24060745537281036,0.27582208067178726,0.3070621997117997,0.4378926753997803,"deterministic sampled reservoir, max=20000, stride=64",0.9902114507294864,0.9999999999992022
stage3,3,necrosis,g_low,9303081,1.0,0.0,1.0,1.0,1.0,1.0,1.0,1.0,1.0,"deterministic sampled reservoir, max=20000, stride=64",nan,nan
stage3,3,necrosis,g_high,9303081,1.0,0.0,1.0,1.0,1.0,1.0,1.0,1.0,1.0,"deterministic sampled reservoir, max=20000, stride=64",nan,nan
stage3,3,necrosis,g_high_over_low,9303081,1.0,0.0,1.0,1.0,1.0,1.0,1.0,1.0,1.0,"deterministic sampled reservoir, max=20000, stride=64",nan,nan
stage3,3,necrosis,g_low_channel_std,9303081,0.0009421314678180434,8.336001267043546e-06,0.00090789794921875,0.000942230224609375,0.000942230224609375,0.000942230224609375,0.000942230224609375,0.000942230224609375,0.00096893310546875,"deterministic sampled reservoir, max=20000, stride=64",-0.08106274306854512,-0.07299791066525765
stage3,3,necrosis,g_high_channel_std,9303081,0.0,0.0,0.0,0.0,0.0,0.0,0.0,0.0,0.0,"deterministic sampled reservoir, max=20000, stride=64",nan,nan
stage3,3,necrosis,anchor_lambda,9303081,0.3671875,0.0,0.3671875,0.3671875,0.3671875,0.3671875,0.3671875,0.3671875,0.3671875,"deterministic sampled reservoir, max=20000, stride=64",nan,nan
stage3,3,necrosis,gamma_context,9303081,1.1953125,0.0,1.1953125,1.1953125,1.1953125,1.1953125,1.1953125,1.1953125,1.1953125,"deterministic sampled reservoir, max=20000, stride=64",nan,nan
stage3,3,necrosis,r_fa,9303081,0.6609788116799931,0.05179805268719268,0.49352744221687317,0.5881969153881073,0.6158324331045151,0.6586292088031769,0.7022172212600708,0.7226567924022674,1.4090322256088257,"deterministic sampled reservoir, max=20000, stride=64",-0.4898495582752695,-0.4870116387200725
stage3,3,necrosis,r_mpr,9303081,0.24261496615426156,0.01901268634629114,0.18115125596523285,0.2159000739455223,0.22604378685355186,0.2417525351047516,0.2577517032623291,0.2652541518211365,0.5171909928321838,"deterministic sampled reservoir, max=20000, stride=64",-0.48984955614789655,-0.4870116368989649
