stratum,quantity,count,mean,std,median,min,max
all,R_S,2479143,0.7780817083483099,0.12201351592803786,0.7983154058456421,0.16534702479839325,0.9978228211402893
all,R_D,2479143,0.8169378459796435,0.17360588624620676,0.8586686253547668,0.0027755380142480135,1.0
all,T_S,2479143,0.8553110664996576,0.09685216870349592,0.8763958811759949,0.13681328296661377,0.9988170862197876
all,T_D,2479143,0.8028273341017823,0.1499103269132802,0.8230010867118835,0.02540389634668827,0.9999984502792358
all,S_R,2479143,0.7975097771529998,0.1269012891903661,0.8111727237701416,0.11223627626895905,0.9989097714424133
all,S_T,2479143,0.829069200318121,0.11244103163378717,0.8454757928848267,0.09940437972545624,0.9987704753875732
all,delta,2479143,0.03155942316496499,0.0708961072248461,0.022327721118927002,-0.8131639957427979,0.7804721593856812
Top20,R_S,485451,0.7193679070796543,0.13753347120235543,0.7575733661651611,0.16988550126552582,0.9843111038208008
Top20,R_D,485451,0.7399283746031614,0.18963888081561284,0.752522349357605,0.0027755380142480135,1.0
Top20,T_S,485451,0.8383225743305246,0.07000038176159472,0.84833163022995,0.14854833483695984,0.9809749722480774
Top20,T_D,485451,0.7250490754452142,0.10780746970107397,0.7436723709106445,0.03552904725074768,0.9883663058280945
Top20,S_R,485451,0.7296481408286747,0.11176792747063306,0.7359471321105957,0.11223627626895905,0.9894997477531433
Top20,S_T,485451,0.7816858249378532,0.07969058717537583,0.793387770652771,0.10570432245731354,0.9666344523429871
Top20,delta,485451,0.052037684109700326,0.0962019902237256,0.04234445095062256,-0.7206310033798218,0.7348443865776062
Bottom80,R_S,1993692,0.7923781360511196,0.11341376678172094,0.8091766238212585,0.16534702479839325,0.9978228211402893
Bottom80,R_D,1993692,0.8356891500372334,0.16408925107358138,0.8842607736587524,0.016491618007421494,1.0
Bottom80,T_S,1993692,0.8594476535512171,0.10190131519983314,0.8864941000938416,0.13681328296661377,0.9988170862197876
Bottom80,T_D,1993692,0.8217658328483739,0.1525893174495524,0.859219491481781,0.02540389634668827,0.9999984502792358
Bottom80,S_R,1993692,0.8140336430336272,0.12485603181219179,0.8360253572463989,0.1144041195511818,0.9989097714424133
Bottom80,S_T,1993692,0.8406067432092629,0.11616944667615657,0.8680837750434875,0.09940437972545624,0.9987704753875732
Bottom80,delta,1993692,0.02657310017531428,0.06220655433513849,0.02009415626525879,-0.8131639957427979,0.7804721593856812
Q1,R_S,495830,0.8226447785529734,0.12448910807955642,0.8574542999267578,0.16534702479839325,0.9969755411148071
Q1,R_D,495830,0.8754121741625832,0.16652153764555638,0.9542139768600464,0.016491618007421494,1.0
Q1,T_S,495830,0.841739072124128,0.12490960342942498,0.8802672624588013,0.13681328296661377,0.9988170862197876
Q1,T_D,495830,0.875348764965833,0.1678223493333285,0.9537999033927917,0.02540389634668827,0.9999984502792358
Q1,S_R,495830,0.8490284763884999,0.1367807683684119,0.8998157978057861,0.11581560969352722,0.9984681010246277
Q1,S_T,495830,0.8585439185767935,0.13771619831750892,0.9103755950927734,0.09940437972545624,0.9987704753875732
Q1,delta,495830,0.009515442186971234,0.03611520773178438,0.006678074598312378,-0.8131639957427979,0.3927696645259857
Q2,R_S,495828,0.795133126942591,0.1145845377825205,0.8156529068946838,0.17302535474300385,0.996772050857544
Q2,R_D,495828,0.8394205377602196,0.16616801148230811,0.895100474357605,0.018050100654363632,1.0
Q2,T_S,495828,0.8541225445283148,0.11146642082921819,0.8875809907913208,0.1713414043188095,0.9962171912193298
Q2,T_D,495828,0.8338663802169809,0.16177361586815076,0.8893188238143921,0.03857532516121864,0.9925130009651184
Q2,S_R,495828,0.8172768323574064,0.12863125509459575,0.8478124737739563,0.11223627626895905,0.9983813762664795
Q2,S_T,495828,0.843994462388298,0.12646412498057363,0.8815408945083618,0.1633874773979187,0.9923170208930969
Q2,delta,495828,0.026717630030906523,0.05996621642479612,0.025374948978424072,-0.7364392280578613,0.46831846237182617
Q3,R_S,495829,0.7809893287858087,0.10493838619695074,0.7948516011238098,0.21479831635951996,0.9978228211402893
Q3,R_D,495829,0.8238301869954754,0.15809354507740217,0.8573564887046814,0.04443085938692093,1.0
Q3,T_S,495829,0.8677644342503049,0.09154843832961615,0.8919488191604614,0.2560881972312927,0.9923447966575623
Q3,T_D,495829,0.805876804019405,0.14180050327608926,0.841060221195221,0.05963673070073128,0.9792847037315369
Q3,S_R,495829,0.8024097578142473,0.11619335562357,0.8166635036468506,0.15776987373828888,0.9989097714424133
Q3,S_T,495829,0.8368206191745288,0.10721463716915233,0.8606588840484619,0.1983417272567749,0.9807568788528442
Q3,delta,495829,0.034410861360581954,0.06813079000814055,0.03591066598892212,-0.7206310033798218,0.47593051195144653
Q4,R_S,495828,0.7662138112727362,0.10654069226712978,0.7835533618927002,0.2016158103942871,0.9967498779296875
Q4,R_D,495828,0.8035646307113845,0.15633113466146178,0.8184331655502319,0.03420832008123398,1.0
Q4,T_S,495828,0.8687726297433848,0.075023387158347,0.8836351633071899,0.17903746664524078,0.9888715744018555
Q4,T_D,495828,0.7712633491357689,0.12067555323951581,0.7918140888214111,0.061352603137493134,0.9521848559379578
Q4,S_R,495828,0.7848892209843705,0.10818524758395581,0.7920459508895874,0.1628882884979248,0.9982625246047974
Q4,S_T,495828,0.8200179893930283,0.08931383087295339,0.8331454396247864,0.1562265157699585,0.9636166095733643
Q4,delta,495828,0.03512876840856762,0.07424217032981033,0.033251821994781494,-0.6858330965042114,0.5033950805664062
Q5,R_S,495828,0.725427310571136,0.13508495249934355,0.7621349096298218,0.1691502034664154,0.9895861148834229
Q5,R_D,495828,0.7424614505025122,0.1903234154943944,0.7559243440628052,0.0027755380142480135,1.0
Q5,T_S,495828,0.8441566814806172,0.06495043970389044,0.8520628213882446,0.194011852145195,0.9834174513816833
Q5,T_D,495828,0.727781073494101,0.10247033516463924,0.7457391023635864,0.06921669840812683,0.9581902623176575
Q5,S_R,495828,0.7339443805293011,0.11309724652329697,0.7395781874656677,0.11324432492256165,0.9935644865036011
Q5,S_T,495828,0.7859688775337761,0.07545108987823074,0.7960550785064697,0.1577259600162506,0.9446073770523071
Q5,delta,495828,0.05202449700479053,0.0955420008962869,0.03965085744857788,-0.7129964828491211,0.7804721593856812
Rect_Correct,R_S,2027414,0.7891232135032947,0.12032391094445316,0.8104729652404785,0.21399544179439545,0.9978228211402893
Rect_Correct,R_D,2027414,0.8520174959775516,0.15259787736840563,0.9020137190818787,0.009465067647397518,1.0
Rect_Correct,T_S,2027414,0.8674935053333817,0.08948197627887614,0.8878389000892639,0.16665373742580414,0.9988170862197876
Rect_Correct,T_D,2027414,0.8309751777572351,0.13595364702097298,0.8550825119018555,0.029423387721180916,0.9999984502792358
Rect_Correct,S_R,2027414,0.8205703547312363,0.11660518341037841,0.8408206105232239,0.15930253267288208,0.9989097714424133
Rect_Correct,S_T,2027414,0.8492343415611339,0.10190629419018264,0.8686622977256775,0.09940437972545624,0.9987704753875732
Rect_Correct,delta,2027414,0.02866398682994167,0.06320280569915171,0.020283520221710205,-0.7873077988624573,0.7027570605278015
Rect_Wrong,R_S,451729,0.7285261072416983,0.11714116748042014,0.749885618686676,0.16534702479839325,0.9862398505210876
Rect_Wrong,R_D,451729,0.6594961640843947,0.1748848813855874,0.6721295118331909,0.0027755380142480135,1.0
Rect_Wrong,T_S,451729,0.8006348180284818,0.10903384222102469,0.8271215558052063,0.13681328296661377,0.9937545657157898
Rect_Wrong,T_D,451729,0.6764964315100158,0.14444366772699205,0.6926469802856445,0.02540389634668827,0.9999944567680359
Rect_Wrong,S_R,451729,0.6940111356440355,0.11940562305250453,0.7112441062927246,0.11223627626895905,0.9927805662155151
Rect_Wrong,S_T,451729,0.738565624793721,0.11296752934202557,0.7596147060394287,0.10570432245731354,0.9934810400009155
Rect_Wrong,delta,451729,0.044554489148629924,0.09721105387991892,0.03736865520477295,-0.8131639957427979,0.7804721593856812
Teacher-Win,R_S,88290,0.7657336723714685,0.09895442921798522,0.7845059633255005,0.1691502034664154,0.9690578579902649
Teacher-Win,R_D,88290,0.60183203566264,0.15922310379673063,0.6312128305435181,0.0027755380142480135,0.9962353110313416
Teacher-Win,T_S,88290,0.8162734877288186,0.07863625601004233,0.8314930200576782,0.1988900601863861,0.9746399521827698
Teacher-Win,T_D,88290,0.67570202596197,0.10420681673696042,0.690665602684021,0.06222587451338768,0.9501158595085144
Teacher-Win,S_R,88290,0.6837828539797959,0.10842237129400716,0.7062239050865173,0.11324432492256165,0.9566923975944519
Teacher-Win,S_T,88290,0.7459877570721649,0.08108833181787937,0.7612817883491516,0.13055796921253204,0.9286628365516663
Teacher-Win,delta,88290,0.06220490308840287,0.1408981930073094,0.053641676902770996,-0.8131639957427979,0.7804721593856812
Rect-Win,R_S,168626,0.770170087414582,0.09967354253690033,0.7913610339164734,0.2549361288547516,0.969831645488739
Rect-Win,R_D,168626,0.6785408449777275,0.1391075592343062,0.6901443004608154,0.009465067647397518,0.9985846281051636
Rect-Win,T_S,168626,0.8024177965257344,0.09467551589319596,0.8232311010360718,0.16665373742580414,0.9758448004722595
Rect-Win,T_D,168626,0.6390959132218976,0.12006339884222184,0.6580994129180908,0.03215501829981804,0.928433358669281
Rect-Win,S_R,168626,0.7243554661877101,0.09373490705639968,0.7357429265975952,0.15930253267288208,0.974268913269043
Rect-Win,S_T,168626,0.7207568549733627,0.09859108843024339,0.7402921915054321,0.09940437972545624,0.9244384169578552
Rect-Win,delta,168626,-0.003598611213817118,0.15049294865522894,0.007267087697982788,-0.7873077988624573,0.7027570605278015
class0,R_S,965133,0.8295061443251565,0.09320406757518374,0.8421280980110168,0.16534702479839325,0.9978228211402893
class0,R_D,965133,0.8329075372937718,0.16736749134920587,0.8807468414306641,0.014091230928897858,1.0
class0,T_S,965133,0.8809990219303095,0.09068418461685834,0.9057237505912781,0.13681328296661377,0.9988170862197876
class0,T_D,965133,0.8265255764461873,0.14712291889804507,0.857265293598175,0.029423387721180916,0.9999984502792358
class0,S_R,965133,0.8312068407995086,0.12159060696483841,0.8542275428771973,0.11986741423606873,0.9989097714424133
class0,S_T,965133,0.8537622991959923,0.11179084773174226,0.8799015283584595,0.10570432245731354,0.9987704753875732
class0,delta,965133,0.022555458396854307,0.0642561328763536,0.015268146991729736,-0.7811511754989624,0.7168903350830078
class1,R_S,1044692,0.78579787199777,0.097915658392292,0.7956510186195374,0.1691502034664154,0.995284914970398
class1,R_D,1044692,0.8247285678972063,0.16915361778219787,0.8719366788864136,0.005856967065483332,1.0
class1,T_S,1044692,0.8573440273744946,0.09058804645067006,0.8786395788192749,0.16257455945014954,0.9946753978729248
class1,T_D,1044692,0.8097231952341322,0.14449898939964223,0.835259199142456,0.026427725329995155,0.9999977350234985
class1,S_R,1044692,0.8052632199378617,0.11808034824241027,0.8258926868438721,0.11223627626895905,0.9975722432136536
class1,S_T,1044692,0.8335336113278262,0.10666796122063574,0.8556547164916992,0.09940437972545624,0.9970654249191284
class1,delta,1044692,0.0282703913894082,0.0670885831201968,0.022133857011795044,-0.7873077988624573,0.7804721593856812
class2,R_S,323515,0.6785973315192672,0.11776138541266712,0.6881965398788452,0.21399544179439545,0.9733519554138184
class2,R_D,323515,0.769622383826051,0.17531664805896618,0.7843565940856934,0.009925714693963528,1.0
class2,T_S,323515,0.7922845060039322,0.10398359027409947,0.8200372457504272,0.1988900601863861,0.9860997796058655
class2,T_D,323515,0.7532344525397626,0.15214679782496304,0.7682348489761353,0.02540389634668827,0.9999984502792358
class2,S_R,323515,0.7241098576504365,0.12237841005882527,0.7374773621559143,0.15930253267288208,0.9866592884063721
class2,S_T,323515,0.7727594792969991,0.10973311316665788,0.7929286956787109,0.13055796921253204,0.9885175228118896
class2,delta,323515,0.04864962164605601,0.08478758897320797,0.03840041160583496,-0.8131639957427979,0.7027570605278015
class3,R_S,145803,0.6031350581896995,0.16021110915189565,0.5871534943580627,0.2359534204006195,0.9839257597923279
class3,R_D,145803,0.760392238482119,0.2086655703780231,0.794121265411377,0.0027755380142480135,1.0
class3,T_S,145803,0.8105515366399697,0.08400644821759254,0.8262158632278442,0.16380764544010162,0.9937545657157898
class3,T_D,145803,0.7065881236045864,0.13817535281846613,0.7439185380935669,0.030776141211390495,0.9999944567680359
class3,S_R,145803,0.6817636483334477,0.09760214617278111,0.6964374780654907,0.15477026998996735,0.9915188550949097
class3,S_T,145803,0.758569830142616,0.08844018585899421,0.7809739112854004,0.1327485591173172,0.9934810400009155
class3,delta,145803,0.07680618180916836,0.0813807658460272,0.07814240455627441,-0.6611997485160828,0.6184632778167725
boundary,R_S,201144,0.720533291281315,0.11330569131387332,0.7383556365966797,0.16534702479839325,0.9876558780670166
boundary,R_D,201144,0.7097051815399364,0.16070136703652754,0.713093638420105,0.006235575303435326,1.0
boundary,T_S,201144,0.8026522108084497,0.1015273720152788,0.8252454996109009,0.13681328296661377,0.991733193397522
boundary,T_D,201144,0.7093997699046336,0.13732275046328485,0.7159851789474487,0.030776141211390495,0.9999899864196777
boundary,S_R,201144,0.715119236397328,0.11364375574291181,0.7262865304946899,0.11324432492256165,0.9936532974243164
boundary,S_T,201144,0.7560259903226353,0.10567129713579235,0.770690381526947,0.10570432245731354,0.9934988021850586
boundary,delta,201144,0.04090675392441826,0.08386405832254998,0.03648194670677185,-0.6879867911338806,0.6416715383529663
interior,R_S,2277999,0.7831631499128249,0.12144950504933695,0.8040915131568909,0.1691502034664154,0.9978228211402893
interior,R_D,2277999,0.8264063343574085,0.17150786199340926,0.8747246861457825,0.0027755380142480135,1.0
interior,T_S,2277999,0.859960766903017,0.09503673596433597,0.8812381029129028,0.1603906899690628,0.9988170862197876
interior,T_D,2277999,0.8110768521976512,0.1481673668909738,0.8343831300735474,0.02540389634668827,0.9999984502792358
interior,S_R,2277999,0.8047847421243447,0.1254320965664861,0.8217735290527344,0.11223627626895905,0.9989097714424133
interior,S_T,2277999,0.8355188095722655,0.1107278930502546,0.8538510799407959,0.09940437972545624,0.9987704753875732
interior,delta,2277999,0.030734067447829267,0.06957480590607162,0.02140986919403076,-0.8131639957427979,0.7804721593856812
Corrected_by_CH,R_S,305318,0.7085783238799916,0.1452381783021988,0.7499536275863647,0.16534702479839325,0.9843111038208008
Corrected_by_CH,R_D,305318,0.8102879889834015,0.13846679772627005,0.8204582333564758,0.07707403600215912,1.0
Corrected_by_CH,T_S,305318,0.8326938025288444,0.0887066729022715,0.8508948087692261,0.13681328296661377,0.9834174513816833
Corrected_by_CH,T_D,305318,0.716217930451177,0.12820098875482633,0.7504152655601501,0.03215501829981804,0.9883663058280945
Corrected_by_CH,S_R,305318,0.7594331564731324,0.09603956394360576,0.7616515159606934,0.16601233184337616,0.9894997477531433
Corrected_by_CH,S_T,305318,0.7744558665405487,0.10043947505571915,0.798480212688446,0.09940437972545624,0.9666344523429871
Corrected_by_CH,delta,305318,0.015022710066391371,0.11131570399440897,0.023294925689697266,-0.7873077988624573,0.7168903350830078
Still_Wrong,R_S,378130,0.7246540477226715,0.11732574637432486,0.7456774711608887,0.1691502034664154,0.9862398505210876
Still_Wrong,R_D,378130,0.6508498315794204,0.18094874903949015,0.6627389192581177,0.0027755380142480135,1.0
Still_Wrong,T_S,378130,0.799114033102168,0.11067435293188253,0.8258583545684814,0.14854833483695984,0.9937545657157898
Still_Wrong,T_D,378130,0.6774411550604523,0.1475966936202808,0.6931003332138062,0.02540389634668827,0.9999944567680359
Still_Wrong,S_R,378130,0.6877519396091136,0.12249011188032598,0.704531192779541,0.11223627626895905,0.9927805662155151
Still_Wrong,S_T,378130,0.7382775941014178,0.11445301916484081,0.7591561675071716,0.10570432245731354,0.9934810400009155
Still_Wrong,delta,378130,0.050525654491752475,0.09260841441428634,0.04011857509613037,-0.6879867911338806,0.7804721593856812
Harmed_by_CH,R_S,69617,0.7497297850403041,0.11444010217350982,0.7761735916137695,0.3037039339542389,0.9787275791168213
Harmed_by_CH,R_D,69617,0.7173040356805802,0.12521698609101112,0.7207343578338623,0.08270888775587082,0.9999991655349731
Harmed_by_CH,T_S,69617,0.815972613708825,0.08899243716503732,0.8351939916610718,0.1988900601863861,0.9805703163146973
Harmed_by_CH,T_D,69617,0.6805291973276587,0.11615348191175633,0.6951727867126465,0.03552904725074768,0.9837276935577393
Harmed_by_CH,S_R,69617,0.733516910395171,0.09303448684894856,0.7482321262359619,0.24557167291641235,0.9863402843475342
Harmed_by_CH,S_T,69617,0.7482509056207961,0.09401946224132311,0.765648603439331,0.12827789783477783,0.9552991986274719
Harmed_by_CH,delta,69617,0.014733995221558337,0.10780095254113106,0.01861029863357544,-0.8131639957427979,0.5763307213783264
Stable_Correct,R_S,1726078,0.8032236842592502,0.10937575384506026,0.8194799423217773,0.21399544179439545,0.9978228211402893
Stable_Correct,R_D,1726078,0.8585173046687206,0.15463333024103137,0.9166288375854492,0.009465067647397518,1.0
Stable_Correct,T_S,1726078,0.8732093695355417,0.08895576833493195,0.895843505859375,0.20321477949619293,0.9988170862197876
Stable_Correct,T_D,1726078,0.850548071619147,0.12807266250382549,0.8818126916885376,0.029423387721180916,0.9999984502792358
Stable_Correct,S_R,1726078,0.8308704944486754,0.11699895063097629,0.8583724498748779,0.15930253267288208,0.9989097714424133
Stable_Correct,S_T,1726078,0.8618787205848567,0.09733965738648544,0.8861024379730225,0.14712512493133545,0.9987704753875732
Stable_Correct,delta,1726078,0.031008226136422998,0.0504075542865734,0.020059436559677124,-0.6157435178756714,0.7027570605278015
