group,estimator,targets,accuracy,miou,dice,nll,brier,iou_class0,iou_class1,iou_class2,iou_class3
all,shallow,2479143,0.7142532721993043,0.4363486817386499,0.5817299492959925,0.7848371842367721,0.4062494586450678,0.6261773260311272,0.5868296236822933,0.37557864312177486,0.1568091341194043
all,deep,2479143,0.767429309241137,0.5662856277940953,0.7173329225242939,1.7849332844531678,0.4095896352365379,0.694273268505836,0.630486511651967,0.5178261726448561,0.42255655837372197
all,fixed_average,2479143,0.7740868517870894,0.573520035544036,0.7235312365126652,0.6812924483897358,0.34149795408607586,0.6993988747249914,0.6409637927061812,0.5142909481460662,0.4394265265989048
all,anchor_old,2479143,0.7792918762653062,0.56908695657968,0.7184048030759485,0.6698779013971249,0.3348317503878732,0.7013353257715503,0.6512152429918908,0.5136758576178269,0.410121399937452
all,anchor_sym,2479143,0.7853834974424629,0.5931706913402506,0.7405183228140985,0.6596629256396159,0.3269900010684523,0.7088930476832324,0.654297157194087,0.5220203726935673,0.4874721877901157
all,ctx_S,2479143,0.7813946190276236,0.489692042270629,0.6142602017599895,0.6439726177343044,0.3363639825665609,0.7254256331190132,0.6699059783491638,0.46526886695006736,0.09816769066427167
all,ctx_D,2479143,0.8144475732138081,0.643650105847837,0.7805134988548161,0.5176574073649537,0.2702365078007881,0.7480424895725725,0.6880742965218408,0.5642862040049996,0.5741974332919348
all,ctx_sym,2479143,0.8212043435977675,0.6472309551401759,0.7826692046051809,0.5337117158448691,0.2788098459285263,0.7566390554601728,0.7003003856080253,0.5510857682778776,0.5808986112146282
hard_disagreement,shallow,587701,0.31121097292670935,0.1344965977371325,0.22393422074530975,1.3954454572422748,0.7827148121213594,0.2365010163688884,0.21836448821279056,0.0785865261130137,0.004534360253837392
hard_disagreement,deep,587701,0.535527419555182,0.3728211319963243,0.5370581772692382,2.6802282653444105,0.7608170327597384,0.23960002844436665,0.3515141365610274,0.4570294611509693,0.4431409018289339
hard_disagreement,fixed_average,587701,0.5636114282602889,0.4010113567284591,0.5694212700971695,1.0222303381842879,0.5689174498239973,0.304101674749695,0.3852241573581993,0.4451358732148453,0.46958372159109685
hard_disagreement,anchor_old,587701,0.5855681715702372,0.4153503503595657,0.5859825896194005,1.0014138130034678,0.5528570809608704,0.3531598006297338,0.43520172475583363,0.4389786851286524,0.43406119092404294
hard_disagreement,anchor_sym,587701,0.6112649119194965,0.45165507444734787,0.6192369746738459,0.9637166094037678,0.5229031225775578,0.35770620517963425,0.4378690391082162,0.46274000212156574,0.5483050513799755
hard_disagreement,ctx_S,587701,0.5898424539008782,0.3529509312367702,0.4948299751511515,0.9495342152892948,0.526897472219954,0.47040823632711665,0.4752297466415036,0.4004596449362983,0.06570609704216207
hard_disagreement,ctx_D,587701,0.6879893006818093,0.5370470949920456,0.6969674048149299,0.7891722791172797,0.4257372307163755,0.47416053589817087,0.5125068812588529,0.529244177479001,0.6322767853321578
hard_disagreement,ctx_sym,587701,0.7028914362915837,0.5555948749750073,0.7124221258194653,0.7807091511730513,0.43191222967040666,0.5116809061551442,0.536025686986611,0.5147892731622316,0.6598836335960423
adjudication,shallow,497629,0.3675408788474948,0.16509279802896334,0.26565991571484626,1.256540348643249,0.7233720287793809,0.2977566304333185,0.2518411768845482,0.10534763194232735,0.005425752855659397
adjudication,deep,497629,0.6324591211525051,0.4896929693529265,0.6439134680889926,1.9634763930127757,0.6026937067541097,0.28101803437502004,0.4250916582282901,0.6388426577902957,0.6138195270181002
adjudication,fixed_average,497629,0.6629858790384001,0.5242301404953706,0.6801019514320243,0.7512750006736124,0.45867758810381715,0.36518373126074827,0.46298279994411146,0.623819390253747,0.6449346405228759
adjudication,anchor_old,497629,0.6884586710179672,0.5379808036883497,0.6973185418794957,0.7551193440278187,0.45238355531171665,0.4411279026067943,0.5317183693752237,0.6169241976918063,0.5621527450795744
adjudication,anchor_sym,497629,0.7190175813708606,0.5929665368783452,0.7376585718915798,0.6974593563882886,0.41187453795137297,0.4368256242704235,0.5365028981507038,0.6523292797006548,0.7462083453915989
adjudication,ctx_S,497629,0.6352041380225028,0.40208138893996076,0.5427584822546204,0.8711468929584485,0.48599359801683756,0.5186709996876122,0.5150752587017874,0.49692944795278415,0.07764984941765944
adjudication,ctx_D,497629,0.7486802417061706,0.6245120893386261,0.7644715403972375,0.6202779890189862,0.35268197896396175,0.5076834652333462,0.5766264078245406,0.6402787791396299,0.7734597051569879
adjudication,ctx_sym,497629,0.7641134258654539,0.6450972155028123,0.780704887283723,0.6705786166725727,0.3737205237591491,0.5554385490143016,0.6015642037977064,0.6270914323219065,0.7962946768773346
Deep_Win,shallow,314730,0.0,0.0,0.0,1.687092558873569,0.9940557718343594,0.0,0.0,0.0,0.0
Deep_Win,deep,314730,1.0,1.0,1.0,0.10321493239313988,0.04718402687212087,1.0,1.0,1.0,1.0
Deep_Win,fixed_average,314730,0.9169573920503289,0.8418903450585404,0.9119736161466663,0.575333231201025,0.31064775375924725,0.7226500947221189,0.8318055996732767,0.8598923734486843,0.9532133123900814
Deep_Win,anchor_old,314730,0.8206558002097035,0.6866011547502373,0.8117442896984902,0.6775408027001182,0.3852299322077899,0.5921111674024752,0.720994861747006,0.7927642182080739,0.6405343716433942
Deep_Win,anchor_sym,314730,0.9201792012200934,0.8478858877948626,0.9161931045319656,0.5480380264041558,0.287455456842332,0.7461400619038138,0.8383154008913699,0.872809357151221,0.934278731233046
Deep_Win,ctx_S,314730,0.5841165443395927,0.3830534483936971,0.5229810234026175,0.9470748117054231,0.5259313525512939,0.3825358874462998,0.4934415957116303,0.577958713494692,0.07827759692216632
Deep_Win,ctx_D,314730,0.897385060210339,0.8109859609531072,0.8939452662333174,0.340386003776954,0.18186700512179668,0.7186476047520548,0.7950808376067137,0.8124784908546301,0.9177369105990298
Deep_Win,ctx_sym,314730,0.8570616083627236,0.7472429655019376,0.8528171281043043,0.5697693098217381,0.2969394431903616,0.6250954005264552,0.7412974904391034,0.7709807364561276,0.851598234586064
Shallow_Win,shallow,182899,1.0,1.0,1.0,0.5156522239088943,0.2575832904500656,1.0,1.0,1.0,1.0
Shallow_Win,deep,182899,0.0,0.0,0.0,5.1645878780445,1.5586068694792115,0.0,0.0,0.0,0.0
Shallow_Win,fixed_average,182899,0.2259553086676253,0.09803527926794998,0.1719082833939138,1.054033097252092,0.7134052233739194,0.17837712805329387,0.1310234505292536,0.08150711264898117,0.0012334258402713536
Shallow_Win,anchor_old,182899,0.46097572977435636,0.1951911163966964,0.301352220497191,0.8886153954664114,0.5679405556206241,0.3432175945481682,0.3254886868628191,0.10737903979077153,0.004679144385026738
Shallow_Win,anchor_sym,182899,0.37286152466661926,0.15516535081453697,0.2511775260040744,0.9545814575802369,0.6259731245890715,0.27661210177945283,0.2533680579995777,0.08818535903325676,0.0024958844458605493
Shallow_Win,ctx_S,182899,0.7231149432200286,0.328537977258725,0.4261389361852518,0.7404912093995708,0.41726927757424653,0.6491926645722218,0.5532112391048073,0.10038436899423446,0.011363636363636364
Shallow_Win,ctx_D,182899,0.4927911032865133,0.2163809646833989,0.3257506197971827,1.101912139644331,0.6466179584791293,0.39654573858705083,0.34854715223663585,0.11192804067266328,0.008502927237245609
Shallow_Win,ctx_sym,182899,0.6041695143221122,0.2687289979769063,0.378055342419216,0.8440498392881319,0.5058443160566166,0.5131596362192516,0.43832444683591776,0.11073530093128851,0.01269660792116733
Both_Wrong,shallow,393677,0.0,0.0,0.0,2.3844816227836856,1.2395296937364135,0.0,0.0,0.0,0.0
Both_Wrong,deep,393677,0.0,0.0,0.0,8.61423897751892,1.7578840359975778,0.0,0.0,0.0,0.0
Both_Wrong,fixed_average,393677,0.0033377616675599538,0.0011611051866417762,0.00231654995470823,2.8344252218990365,1.4261944929444699,0.000975807739968826,0.003204717744328493,0.0003428518682130165,0.00012104339405676935
Both_Wrong,anchor_old,393677,0.003916916660104603,0.001337213774646431,0.0026669603870419917,2.7204136757026345,1.373476580126587,0.0010648792105035062,0.003694900670940262,0.0004087732112821406,0.00018030200585981518
Both_Wrong,anchor_sym,393677,0.003650200545116936,0.0012675339358879222,0.0025286147300414125,2.7588708955126346,1.3907802439461154,0.0010839507015806902,0.003401882702593168,0.00041132879102507116,0.0001729735483527596
Both_Wrong,ctx_S,393677,0.3375584552818681,0.15081537027900313,0.24741716829978483,1.2875422378135835,0.7379016369120194,0.27655949529368107,0.21256985635117967,0.11179833358367866,0.002333795887473193
Both_Wrong,ctx_D,393677,0.33554157342186613,0.2029525210011548,0.33737956979089107,1.6404102905292177,0.847947003213274,0.2075307693948508,0.19385094104362602,0.20970436719728966,0.2007240063688527
Both_Wrong,ctx_sym,393677,0.336057224577509,0.1864786505890526,0.3124647153316336,1.3100615764747088,0.7665951114909362,0.23736815866902572,0.2007152469260973,0.17927789046653145,0.1285533062945559
Both_Correct,shallow,1587837,1.0,1.0,1.0,0.24040069759849378,0.1002655002391208,1.0,1.0,1.0,1.0
Both_Correct,deep,1587837,1.0,1.0,1.0,0.03576834756200352,0.01478419814594113,1.0,1.0,1.0,1.0
Both_Correct,fixed_average,1587837,1.0,1.0,1.0,0.12552746849110982,0.03584185498725733,1.0,1.0,1.0,1.0
Both_Correct,anchor_old,1587837,1.0,1.0,1.0,0.13476794623413307,0.04047674557976334,1.0,1.0,1.0,1.0
Both_Correct,anchor_sym,1587837,1.0,1.0,1.0,0.12735482600928133,0.036638561563099734,1.0,1.0,1.0,1.0
Both_Correct,ctx_S,1587837,0.9372523754012534,0.7222843613749116,0.8153811745875558,0.4132140041426923,0.1899155907878944,0.9218201118846507,0.8858495090791617,0.7330743738402778,0.34839345069555583
Both_Correct,ctx_D,1587837,0.9537956351942927,0.8698144590026572,0.9294896648605169,0.20712870434734357,0.10116462443243218,0.9373634387166601,0.9073744149141875,0.824265517170485,0.8102544652092959
Both_Correct,ctx_sym,1587837,0.9593805913327376,0.8972536750545844,0.9451997313433607,0.29833489626252896,0.12812678104907818,0.9460728443502668,0.9176758473892992,0.8211920529801324,0.9040739554986393
Top20,shallow,485451,0.35385239704934174,0.19023837272164,0.31605326587622223,1.411214264294972,0.7854553410904932,0.23083426977456759,0.25610256817790494,0.15236664532335123,0.12165000761073622
Top20,deep,485451,0.595318580042064,0.42933731790908336,0.5944749138492789,3.209851133596217,0.7425554155402195,0.29543659143428797,0.38562659925632164,0.5129226157130529,0.523363465232671
Top20,fixed_average,485451,0.5998010097826557,0.43534413120489013,0.6011146790448701,1.0037874631615629,0.5523518835407626,0.3093004669162495,0.3955021883240195,0.5025217966263281,0.5340520729529631
Top20,anchor_old,485451,0.6129454878041244,0.44990195380035414,0.6180850160957974,0.9855907626045564,0.5395232506489683,0.3528960984820618,0.44382348116148085,0.4958402526781935,0.5070479828796802
Top20,anchor_sym,485451,0.6429443960358512,0.4838272800336223,0.6470222429861774,0.9410152070079769,0.5042343643277017,0.36088914920023984,0.4476277252997782,0.5177768631672259,0.6090153824672454
Top20,ctx_S,485451,0.5680140735110237,0.35320897254495737,0.49983808399395013,0.9765380864247926,0.5429625915729643,0.4372716317651443,0.45277800709981014,0.43517334808906866,0.08761290322580645
Top20,ctx_D,485451,0.6975492892176554,0.5475828299416996,0.7040855096306403,0.7837197626782154,0.41548880773884306,0.45270502115978495,0.5058706796758723,0.5565100063692132,0.6752456125619279
Top20,ctx_sym,485451,0.7103332777149496,0.5665648341498143,0.7198449609035988,0.7741222050554242,0.4264883520589933,0.48657696265516925,0.5288561981134299,0.544146294378828,0.7066798814518301
Bottom80,shallow,1993692,0.8020085349191349,0.5269703915405549,0.6642972905290854,0.6323184502039662,0.31391529928694556,0.733867911807347,0.682580219645377,0.47635001167397373,0.21508342303552205
Bottom80,deep,1993692,0.8093371493691102,0.5455089451008219,0.6801953802448552,1.4379750808869485,0.3285146391919118,0.7501816307648362,0.690485571513542,0.520191654554352,0.22117692357055765
Bottom80,fixed_average,1993692,0.8165243176980196,0.5519698544190739,0.686038408195299,0.6027670154662955,0.2901563973623154,0.7564918941104043,0.7012278373358657,0.5199934435512111,0.23016624267881441
Bottom80,anchor_old,1993692,0.819796137016149,0.5556285672994121,0.6894538256851048,0.5930038786363327,0.28499070498404505,0.7595774790773648,0.7054842740896906,0.5219110477987469,0.2355414682318462
Bottom80,anchor_sym,1993692,0.8200664897085408,0.5580062166843265,0.6922092794767019,0.5911554799847436,0.28383215452617505,0.760141001116139,0.7055916030534352,0.5240311589338154,0.24226110363391656
Bottom80,ctx_S,1993692,0.8333513902849587,0.5277038768223345,0.6449702120510622,0.562995094956832,0.2860585686205915,0.7842181191254144,0.7317676252414568,0.47847528938940403,0.11635447353306283
Bottom80,ctx_D,1993692,0.842911543006643,0.621686536204128,0.7548919005719931,0.45287295899019014,0.23486852003877226,0.7918839417034362,0.7326674472278034,0.567856345853437,0.39433841003183523
Bottom80,ctx_sym,1993692,0.8482007250869241,0.6121712224074949,0.7437373975142741,0.47517332957569924,0.2428510927813291,0.7997236162630009,0.7428214950458308,0.5542476970317298,0.35189208128941835
Top20_Both_Wrong,shallow,93112,0.0,0.0,0.0,1.9810978523340101,1.051148798327939,0.0,0.0,0.0,0.0
Top20_Both_Wrong,deep,93112,0.0,0.0,0.0,8.68724489407349,1.81172041149874,0.0,0.0,0.0,0.0
Top20_Both_Wrong,fixed_average,93112,0.004714752126471346,0.0017862752989687986,0.003556117913248408,2.4540406808701634,1.2494728049087718,0.0011507479861910242,0.005623896365983589,0.0002918713820109938,7.858546168958742e-05
Top20_Both_Wrong,anchor_old,93112,0.005960563622304322,0.00205020681323873,0.004079256686422784,2.2509526485165394,1.14616080679804,0.0013347844836437562,0.0063732109100729135,0.00040865323219165835,8.417862704659286e-05
Top20_Both_Wrong,anchor_sym,93112,0.00541283615430879,0.0019607648434196955,0.0039030517226736985,2.338261621580191,1.1858077721304288,0.0013745538728658243,0.005923165695693886,0.00041962875197472355,0.0001257110531443477
Top20_Both_Wrong,ctx_S,93112,0.38620156370822234,0.17720893157041312,0.28098148248984645,1.2758445105009832,0.7062118036389173,0.3188603729205789,0.2715596643242137,0.1145425130325364,0.0038731760043235453
Top20_Both_Wrong,ctx_D,93112,0.32673554429074664,0.1883828378524973,0.31342149084075077,1.7456896888581503,0.863460341560781,0.2638257522938338,0.19397635304993754,0.1867848130978229,0.10894443296839496
Top20_Both_Wrong,ctx_sym,93112,0.3617578829796374,0.19777196380201414,0.32264236382922584,1.3365900785309477,0.7462614504705084,0.30462277562625617,0.22841533556563115,0.17317593871656412,0.0848738052996051
Deep_Correct,shallow,1902567,0.8345761279366246,0.5838905845930338,0.7113982366892919,0.4797180669731886,0.24811974777898127,0.7756694975877111,0.7430376248319898,0.5756391335598814,0.241216082392553
Deep_Correct,deep,1902567,1.0,1.0,1.0,0.04692562278222103,0.02014390326801596,1.0,1.0,1.0,1.0
Deep_Correct,fixed_average,1902567,0.9862627702467246,0.9667524983940832,0.9830596610403033,0.1999360794350038,0.08130131082797597,0.979853515185421,0.9735023192470698,0.9489113800452535,0.9647427790985887
Deep_Correct,anchor_old,1902567,0.9703321880385816,0.8922804556250742,0.9402319440998517,0.22455553380163507,0.09750715261795902,0.9643375573776923,0.9511556276323926,0.9245062351753129,0.7291224023148991
Deep_Correct,anchor_sym,1902567,0.9867957343946363,0.9651750317278094,0.9822323579537162,0.19694586993061422,0.07812966355910445,0.9819340195614958,0.9743567164125821,0.953931774163906,0.9504776167732535
Deep_Correct,ctx_S,1902567,0.8788352788627155,0.6217458094681126,0.7193798644267724,0.5015273260725995,0.24550061917312055,0.85694986800132,0.807136398972487,0.6779325813416722,0.14496438955697163
Deep_Correct,ctx_D,1902567,0.9444639794551256,0.8801020732045621,0.9358058201997357,0.22917264279969826,0.11451472473079945,0.9222586028166165,0.8899352189051308,0.8201440452102293,0.8880704258862717
Deep_Correct,ctx_sym,1902567,0.9424545889842513,0.8694714203201556,0.9296080493771369,0.34323662796474497,0.15605242527381563,0.9204920108441991,0.8891972595947987,0.8034537335626092,0.8647426772790152
Top20_Deep_Correct,shallow,288998,0.23680786718247185,0.13828954868200607,0.24216295892459597,1.555828184063455,0.893982924305317,0.09846165572083689,0.1475184338062411,0.16412735618712765,0.14305074901381865
Top20_Deep_Correct,deep,288998,1.0,1.0,1.0,0.04039500100873702,0.015902956011862323,1.0,1.0,1.0,1.0
Top20_Deep_Correct,fixed_average,288998,0.9693873314002173,0.9341426838819461,0.9655803334112483,0.4918884521430569,0.24683612322383397,0.8782461380709302,0.9343322450248757,0.9442394902229545,0.9797528622090241
Top20_Deep_Correct,anchor_old,288998,0.8695873327843099,0.7653314405747922,0.8651139373183647,0.6096674985122764,0.33141344286387003,0.6928552550436085,0.7890279854018256,0.8759315323707498,0.703510989482985
Top20_Deep_Correct,anchor_sym,288998,0.9687160464778303,0.9352293987191265,0.9663411181020567,0.47109919569123854,0.22815571782600974,0.8944902209344441,0.9316286879347565,0.9514202711426727,0.9633784148646327
Top20_Deep_Correct,ctx_S,288998,0.579197779915432,0.3964080921577159,0.5388362739679399,0.9559388664778478,0.5287640245656947,0.3977140768139005,0.48062814055303676,0.6078094054038425,0.09948074586008372
Top20_Deep_Correct,ctx_D,288998,0.9211067204617333,0.848515389207499,0.9170547448459615,0.2919669802430331,0.1515981790250338,0.7871576594006621,0.8254643755687597,0.8407711936489934,0.9406683282115809
Top20_Deep_Correct,ctx_sym,288998,0.8836566343019675,0.7854962915244676,0.8782638438060919,0.541031723566888,0.27575871954105446,0.6914907443509906,0.7712662822976725,0.799182144440155,0.8800459950090522
Deep_Wrong,shallow,576576,0.31721577034077036,0.13375575766630318,0.22293804050004273,1.7916594653841398,0.9280408089845859,0.2434922689283895,0.2091391169348589,0.07506101222800046,0.007330632573963978
Deep_Wrong,deep,576576,0.0,0.0,0.0,7.519955246592252,1.694670176109128,0.0,0.0,0.0,0.0
Deep_Wrong,fixed_average,576576,0.07395555833055834,0.02910612930066407,0.055637269276898375,2.269656762570515,1.2000864957070132,0.05742118386848915,0.04340788510206441,0.015138935314477955,0.0004565129176247802
Deep_Wrong,anchor_old,576576,0.14890318015318016,0.055483873820877355,0.10134012216069802,2.139338373128603,1.1179478495756863,0.10556342348644263,0.09890324729034407,0.016676894404291105,0.0007919301024316149
Deep_Wrong,anchor_sym,576576,0.12076985514485515,0.045556364926904215,0.0845847127433753,2.186521831541193,1.1481713644171658,0.08726942139065662,0.07932069469741669,0.01499695745975549,0.0006383861597880558
Deep_Wrong,ctx_S,576576,0.45986305361305363,0.20511211897165954,0.31161604112187435,1.1140090244195218,0.6361919960485092,0.3942716026587888,0.3132964984944926,0.11041487106617905,0.0024655036671777236
Deep_Wrong,ctx_D,576576,0.38542360417360416,0.2198648767556992,0.3585042207597616,1.4695901847691875,0.7840822551959605,0.2748350055971046,0.24442353873195852,0.1935590111848733,0.16664195150886038
Deep_Wrong,ctx_sym,576576,0.4211066711066711,0.22342490166349674,0.3575049876193981,1.1622353042752283,0.6838808470502696,0.33135833494426187,0.27470658275216875,0.16906368023861965,0.11857100871893675
Top20_Deep_Wrong,shallow,196453,0.5260342168355789,0.24455937717800985,0.35758920218939233,1.1984756775324785,0.6258026277498075,0.40550643255248714,0.43406646219449324,0.1282263318799178,0.010438282085141169
Top20_Deep_Wrong,deep,196453,0.0,0.0,0.0,7.872373382711865,1.811519022605401,0.0,0.0,0.0,0.0
Top20_Deep_Wrong,fixed_average,196453,0.05611011285141993,0.023762813858821896,0.04571339577516689,1.756831653814422,1.001789884996947,0.048262883909303826,0.03680033119651209,0.009855741864133882,0.00013229846533780208
Top20_Deep_Wrong,anchor_old,196453,0.2354049060080528,0.09043364218645109,0.15500068098685776,1.5386038063154723,0.8456693427436566,0.17149143012946474,0.17639295049299966,0.013502031769486516,0.00034815635385345784
Top20_Deep_Wrong,anchor_sym,196453,0.16370836790479149,0.06437180156823494,0.11507961614527784,1.6322990633935488,0.9103680282661294,0.12336510751496342,0.12402170844987298,0.00984739121468344,0.00025299909341991526
Top20_Deep_Wrong,ctx_S,196453,0.5515619512046138,0.24720438109188644,0.3538937976099171,1.006841178595578,0.5638498137989767,0.46965016501650164,0.415199243593577,0.100154299340721,0.0038138164167461214
Top20_Deep_Wrong,ctx_D,196453,0.3686785134357836,0.18952524120934014,0.30988653415953626,1.5071272475127704,0.8036929273859515,0.286076898361358,0.25340409336941816,0.14547802558215808,0.07314194752442639
Top20_Deep_Wrong,ctx_sym,196453,0.4553608242174973,0.22624636103889403,0.35120119536469685,1.1170168565457246,0.6482236390661619,0.3758614808944354,0.3225555547478683,0.13897280966767372,0.06759559884559885
Shallow_Correct,shallow,1770736,1.0,1.0,1.0,0.26883137778495086,0.11651482623226248,1.0,1.0,1.0,1.0
Shallow_Correct,deep,1770736,0.8967101815290365,0.6952232297699352,0.799654433829561,0.5655231858358728,0.17424536161931253,0.8654885547584382,0.8111200208326881,0.7618216716105392,0.34246267187807555
Shallow_Correct,fixed_average,1770736,0.920049064343866,0.7415768991237591,0.8348957201580913,0.22143264633509957,0.10582725231049031,0.8929016805080842,0.8505124337794099,0.8164035020306339,0.40648998017690857
Shallow_Correct,anchor_old,1770736,0.9443242809769496,0.83971723637107,0.910545217210072,0.21263271242013393,0.09495838676888653,0.9154562491617398,0.8900405433399425,0.8526256700655723,0.7007464829170256
Shallow_Correct,anchor_sym,1770736,0.9352229807266583,0.7953310530534322,0.8790786646063877,0.2127989146185918,0.09751082159671706,0.9067842887104101,0.8750790515928675,0.8343864316594612,0.5650744402509899
Shallow_Correct,ctx_S,1770736,0.9151341589034164,0.6850280771752444,0.7910346226911811,0.44701840726335923,0.21339891182476114,0.88779152146877,0.844400826302896,0.6689896374738017,0.3389303234555099
Shallow_Correct,ctx_D,1770736,0.9061785607792466,0.7393128431811087,0.843864648371218,0.29955072294999435,0.15750440029049742,0.8706065666851964,0.8237024925703647,0.7180518867099347,0.5448904267589388
Shallow_Correct,ctx_sym,1770736,0.9226909036694346,0.804463219441957,0.8900416181813064,0.3547016936645359,0.16714115667330678,0.8920189289715015,0.8498464513062598,0.7273339372719928,0.7486535602180737
Top20_Shallow_Correct,shallow,171778,1.0,1.0,1.0,0.5776669271819307,0.29927340059677554,1.0,1.0,1.0,1.0
Top20_Shallow_Correct,deep,171778,0.39840375368207803,0.26838129714870784,0.4193359643600549,4.305379187064427,1.0949535916502544,0.20746232702550788,0.2329707155246451,0.3746934225195095,0.25839872352516885
Top20_Shallow_Correct,fixed_average,171778,0.4600181629777969,0.31451047812916255,0.47565922049570386,0.7991240315364894,0.5102817425434257,0.272009059778359,0.28710095848314166,0.41511665730254016,0.28381523695260946
Top20_Shallow_Correct,anchor_old,171778,0.6643924134638894,0.5158995917998168,0.6791183614490457,0.6832709322320477,0.40247350099305307,0.460282098242353,0.5034620469063444,0.49801273258063383,0.6018414894699359
Top20_Shallow_Correct,anchor_sym,171778,0.5826939421811873,0.41904382301583254,0.5901055523202741,0.7244801766798662,0.443317242846403,0.3778590534417818,0.417228034972051,0.4498714652956298,0.4312167383538675
Top20_Shallow_Correct,ctx_S,171778,0.7074072349194891,0.4493636612410568,0.6027916688490635,0.7679141696934857,0.4296342696327731,0.599757706919467,0.571418871731202,0.4185939158934589,0.20768415042009952
Top20_Shallow_Correct,ctx_D,171778,0.609251475741946,0.4403408650887181,0.6112235307426812,0.8971994510941219,0.5143045978339867,0.41985758430740294,0.4465316487613353,0.42828031637481434,0.46669391091132
Top20_Shallow_Correct,ctx_sym,171778,0.6835799694955117,0.5330028014635456,0.6921755453903905,0.747098541042188,0.4337009258884725,0.5126779996355401,0.5217754735942446,0.44255984143924376,0.654997891185154
Shallow_Wrong,shallow,708407,0.0,0.0,0.0,2.0746466549129114,1.1304709076992434,0.0,0.0,0.0,0.0
Shallow_Wrong,deep,708407,0.44427850091825744,0.30589081744351143,0.45838009079811726,4.832973973471194,0.9978568004224702,0.16310435222973577,0.2749150360743844,0.3279169715104333,0.45762690995949223
Shallow_Wrong,fixed_average,708407,0.409239321463509,0.2828323671875657,0.429361483147246,1.8307592188352824,0.9305810599550095,0.14246539203843323,0.24539154462558718,0.29146046349386295,0.45201206859237947
Shallow_Wrong,anchor_old,708407,0.36677644348517163,0.24272525027124342,0.38466984938103493,1.812809178118502,0.9344198408517307,0.13220454384871824,0.2289598158225199,0.27138800455054546,0.33834863686319
Shallow_Wrong,anchor_sym,708407,0.410844331013104,0.2872944681619772,0.4339373187618879,1.776645382644309,0.9005967615056909,0.1432305965639299,0.24584295612009238,0.29503233857077577,0.4650719813931106
Shallow_Wrong,ctx_S,708407,0.4470989134777042,0.24735218966817552,0.3811620374394181,1.1362798801307525,0.6437277967370195,0.30907985466620286,0.33203062885912205,0.29965184364614655,0.04864643150123052
Shallow_Wrong,ctx_D,708407,0.5851565554829357,0.43486009954302096,0.6001990191572482,1.062837449253595,0.5520219801695568,0.32283721448836067,0.3961483643605338,0.4373510737133972,0.5831037456097921
Shallow_Wrong,ctx_sym,708407,0.5675282711774446,0.4168101875560334,0.5842636694409101,0.9811656380047481,0.5579371952305945,0.3299752608768438,0.38758150856277157,0.4076192564100009,0.5420647243745171
Top20_Shallow_Wrong,shallow,313673,0.0,0.0,0.0,1.8676931275525814,1.0517051023837183,0.0,0.0,0.0,0.0
Top20_Shallow_Wrong,deep,313673,0.7031558342605198,0.529251524034172,0.6881448950886943,2.6099027224525666,0.5495701924071174,0.4036887608069164,0.515177065767285,0.5644708670255888,0.6336694025368979
Top20_Shallow_Wrong,fixed_average,313673,0.6763508494514988,0.4991217351595167,0.6596326943158628,1.115868117083615,0.5753909231783488,0.34970203318532367,0.482802136937897,0.5332315140936529,0.6307512564211932
Top20_Shallow_Wrong,anchor_old,313673,0.5847714020652081,0.41320664947128233,0.5784089725628617,1.1511513808972647,0.6145763533909758,0.26554752640355755,0.4049912118074784,0.49518604429474755,0.48710181537934577
Top20_Shallow_Wrong,anchor_sym,313673,0.6759395931431778,0.5026738340783692,0.6613024878097816,1.0595971520262037,0.5375946512947486,0.34316101622423084,0.4704836439313833,0.5399689153994791,0.6570817607583835
Top20_Shallow_Wrong,ctx_S,313673,0.49167763881494425,0.305032553655601,0.44701993155541925,1.0907876366515272,0.6050250339452505,0.3236711400565752,0.3875842145659219,0.439492513979917,0.06938234601998984
Top20_Shallow_Wrong,ctx_D,313673,0.7459041740921278,0.5922002003896136,0.7401461092616156,0.721574426877214,0.3613739212457002,0.49005469155794557,0.5519740846725951,0.5975921479235595,0.7291798774043543
Top20_Shallow_Wrong,ctx_sym,313673,0.7249842989355156,0.5713531739119291,0.7228344040123545,0.7889212823010455,0.42253850139514815,0.46043850044319307,0.5339443473331129,0.5745275060985341,0.7165023417728766
class0,shallow,965133,0.8387413962635202,0.20968534906588004,0.22807486631016044,0.48028538833893164,0.24856309522929473,0.8387413962635202,0.0,0.0,0.0
class0,deep,965133,0.792508390035363,0.19812709750884075,0.2210612777158963,1.5703553048995214,0.364463619602298,0.792508390035363,0.0,0.0,0.0
class0,fixed_average,965133,0.8096241657885493,0.20240604144713734,0.2236995341614907,0.4926522021607903,0.26100028876743614,0.8096241657885493,0.0,0.0,0.0
class0,anchor_old,965133,0.827660021986607,0.20691500549665176,0.22642614382049225,0.46420316521117044,0.24138050485677703,0.827660021986607,0.0,0.0,0.0
class0,anchor_sym,965133,0.8206682395068866,0.20516705987672165,0.22537555763843006,0.4712681058377083,0.24674261268563824,0.8206682395068866,0.0,0.0,0.0
class0,ctx_S,965133,0.9165109886409438,0.22912774716023596,0.2391092443698613,0.4095067920061509,0.19514701004261012,0.9165109886409438,0.0,0.0,0.0
class0,ctx_D,965133,0.8388097806209093,0.20970244515522732,0.2280849790612026,0.4390899409125165,0.2372901384843797,0.8388097806209093,0.0,0.0,0.0
class0,ctx_sym,965133,0.8748928904099228,0.2187232226024807,0.23331809909915385,0.3950875243853888,0.20425596656467754,0.8748928904099228,0.0,0.0,0.0
class1,shallow,1044692,0.755598779353149,0.18889969483828725,0.21519688559807204,0.6498543059308732,0.36004306472487374,0.0,0.755598779353149,0.0,0.0
class1,deep,1044692,0.7933448327353899,0.19833620818384748,0.22119137888425525,1.573743592650456,0.36556943719312407,0.0,0.7933448327353899,0.0,0.0
class1,fixed_average,1044692,0.8014955604139785,0.20037389010349463,0.2224528269805442,0.5606890193690273,0.29885730828088286,0.0,0.8014955604139785,0.0,0.0
class1,anchor_old,1044692,0.82443533596505,0.2061088339912625,0.225942602544737,0.5368388663396563,0.2809529181088922,0.0,0.82443533596505,0.0,0.0
class1,anchor_sym,1044692,0.8192768777783308,0.2048192194445827,0.22516552806926712,0.5348750425560677,0.2797313620046546,0.0,0.8192768777783308,0.0,0.0
class1,ctx_S,1044692,0.8407272191229568,0.2101818047807392,0.22836822598938217,0.5613614977542313,0.294669994518769,0.0,0.8407272191229568,0.0,0.0
class1,ctx_D,1044692,0.8507560122983616,0.2126890030745904,0.22984013199066963,0.42799430855235115,0.22753328724912408,0.0,0.8507560122983616,0.0,0.0
class1,ctx_sym,1044692,0.858944071554104,0.214736017888526,0.23103010055488502,0.46558110475286013,0.23889730499896492,0.0,0.858944071554104,0.0,0.0
class2,shallow,323515,0.4546775265443643,0.11366938163609107,0.1562812094940609,1.4697671963837105,0.7316920624734201,0.0,0.0,0.4546775265443643,0.0
class2,deep,323515,0.6497256695980094,0.16243141739950234,0.1969193065160733,2.55613549306309,0.6120552404377514,0.0,0.0,0.6497256695980094,0.0
class2,fixed_average,323515,0.6335007650340788,0.1583751912585197,0.19390892817269736,1.235671670937413,0.5791945559382478,0.0,0.0,0.6335007650340788,0.0
class2,anchor_old,323515,0.6174891426981748,0.1543722856745437,0.1908789142374475,1.23855474382,0.588757844241883,0.0,0.0,0.6174891426981748,0.0
class2,anchor_sym,323515,0.6341035191567624,0.1585258797891906,0.19402183268168208,1.2183137117767264,0.5712505124981605,0.0,0.0,0.6341035191567624,0.0
class2,ctx_S,323515,0.49427383583450535,0.12356845895862634,0.16538930950312358,1.0802956162428718,0.6125983262695365,0.0,0.0,0.49427383583450535,0.0
class2,ctx_D,323515,0.661459283186251,0.16536482079656276,0.19905973317556794,0.8659978506544189,0.4587539621913328,0.0,0.0,0.661459283186251,0.0
class2,ctx_sym,323515,0.6201752623525957,0.15504381558814892,0.19139141201676615,0.9026651414393364,0.5030994169116173,0.0,0.0,0.6201752623525957,0.0
class3,shallow,145803,0.16992791643518995,0.04248197910879749,0.07262324201689539,2.248204801183609,1.0590083119080427,0.0,0.0,0.0,0.16992791643518995
class3,deep,145803,0.6768996522705294,0.16922491306763235,0.20183069730916944,3.007329175695926,0.5744661831458369,0.0,0.0,0.0,0.6768996522705294
class3,fixed_average,145803,0.6544035445086864,0.1636008861271716,0.19777627613310836,1.5640340247062108,0.6524578014231547,0.0,0.0,0.0,0.6544035445086864
class3,anchor_old,145803,0.4946811793996008,0.1236702948499002,0.16548050052998914,1.7227561144323777,0.7760487743940778,0.0,0.0,0.0,0.4946811793996008
class3,anchor_sym,145803,0.6446369416267155,0.16115923540667887,0.1959815340731381,1.5612839601659647,0.6548171753908302,0.0,0.0,0.0,0.6446369416267155
class3,ctx_S,145803,0.09895543987435101,0.024738859968587754,0.04502249876740456,1.8197841378965398,0.9569587741793115,0.0,0.0,0.0,0.09895543987435101
class3,ctx_D,145803,0.7324883575783763,0.18312208939459407,0.21139777198913706,0.9072585686139255,0.376003308791543,0.0,0.0,0.0,0.7324883575783763
class3,ctx_sym,145803,0.641461423976187,0.16036535599404675,0.1953933898800819,1.1208348796864933,0.5606262756608343,0.0,0.0,0.0,0.641461423976187
boundary,shallow,201144,0.5014467247345186,0.26198740425988953,0.40088609522307805,1.288497352244482,0.6834667450128025,0.3557907965970611,0.37973925865366365,0.22467285126251765,0.08774671052631579
boundary,deep,201144,0.49653482082488165,0.29635887387275106,0.45373320866931666,4.403630536313562,0.9102140083026983,0.336376731050596,0.36363376640073136,0.28093781855249744,0.20448717948717948
boundary,fixed_average,201144,0.5023018335123096,0.2990309764111648,0.4565436555483794,1.3665363597195663,0.7106408984883764,0.345861063503016,0.36858762738624945,0.2773809299432686,0.20429428481212503
boundary,anchor_old,201144,0.5100624428270294,0.2956484525482613,0.4506593015071965,1.331897094217649,0.6922068095514003,0.35517278852423384,0.3785438441098317,0.2668643295932407,0.18201284796573874
boundary,anchor_sym,201144,0.5087201209084039,0.303558029717926,0.4619417124788109,1.34463222500221,0.6988890532160957,0.35250611720678926,0.3742745165228193,0.2750419591089411,0.21240952603315433
boundary,ctx_S,201144,0.48893827307799387,0.23875970192102672,0.3662095010167032,1.0389898220737532,0.6088578987570822,0.38535170413343,0.3456830245910519,0.16482579022988506,0.05917828872973992
boundary,ctx_D,201144,0.49784234180487613,0.29992323058355663,0.4586210051292611,1.1993256297132937,0.6558773511737841,0.3514692378328742,0.3567172456946202,0.2626346469467449,0.22887179185998707
boundary,ctx_sym,201144,0.502495724456111,0.29284140173894735,0.447996092656441,1.0192978798063452,0.6090511952894184,0.37288395329117413,0.3573900360350054,0.23692190292587906,0.2041697147037308
interior,shallow,2277999,0.7330437809674192,0.45491176524487736,0.5984411363110252,0.7403647236106953,0.381771575270601,0.6496939427572058,0.610311998715387,0.3970736659101914,0.1625674535967252
interior,deep,2277999,0.7913488987484191,0.596283976749892,0.7412730696431146,1.5537061241127945,0.36538523089043434,0.7254075877828251,0.662296419087416,0.5541403264529143,0.4432915736764127
interior,fixed_average,2277999,0.7980850737862484,0.6041148803822768,0.7478160914547956,0.620786407210381,0.30890316874646123,0.7303189459831961,0.6734855813929574,0.5506778174365388,0.4619771767164149
interior,anchor_old,2277999,0.8030644438386496,0.5995718273221403,0.7427129488145373,0.6114225690986069,0.3032760522069745,0.7317606425503341,0.6837860256464514,0.551435839356763,0.43130480173501284
interior,anchor_sym,2277999,0.8098124713838768,0.6256143775788428,0.765763180406701,0.5991811322977446,0.2941518554216871,0.7402355617181049,0.6878795921337637,0.5600463962178273,0.5142959602456754
interior,ctx_S,2277999,0.8072180892089944,0.5196634690573525,0.6379076857958454,0.6090931728576147,0.3123031659120207,0.7592539493616101,0.7081909167195399,0.5100070535770996,0.10120195657116038
interior,ctx_D,2277999,0.8424033548741681,0.683879217039796,0.8099001755438318,0.45746709432441474,0.23618498196630885,0.7846575276099503,0.7285602462445191,0.6133034145982582,0.6089956797064567
interior,ctx_sym,2277999,0.8493458513370726,0.6881421011357002,0.8124812411607363,0.4908351635005227,0.24965001487686744,0.7935347499088979,0.7423163955149809,0.6008648421615327,0.6158524169573893
Q1,shallow,495830,0.9193372728556158,0.6184273779591921,0.6847728547500037,0.40563865279814176,0.1513218839705062,0.8979133047687942,0.8454078371019297,0.704874280095519,0.025514089870525513
Q1,deep,495830,0.9192767682471815,0.6183702855045948,0.6846791718534501,1.0180217453762164,0.15414093933877418,0.8978164480641152,0.8452264874331424,0.7051289772156981,0.025309229305423408
Q1,fixed_average,495830,0.9193453401367404,0.6184324293143267,0.684724920202784,0.43842623768622163,0.15245510258148892,0.8978922490715285,0.8454149050502564,0.705079575330644,0.02534298780487805
Q1,anchor_old,495830,0.9193473569570215,0.6184344457688115,0.6847260777407816,0.4366127018806485,0.1523565804445667,0.8978955804220712,0.8454196395176524,0.705079575330644,0.02534298780487805
Q1,anchor_sym,495830,0.9193473569570215,0.6184344457688115,0.6847260777407816,0.43688861074746616,0.15235991042148245,0.8978955804220712,0.8454196395176524,0.705079575330644,0.02534298780487805
Q1,ctx_S,495830,0.9165782627110098,0.602528060422696,0.671992289960574,0.39017581322069844,0.17884112561753474,0.8999778131124505,0.8403587443946189,0.649415009372778,0.02036067481093659
Q1,ctx_D,495830,0.9194219793074239,0.6633999995830077,0.7570123188537661,0.2854420849842743,0.13632259725724027,0.9035059455894227,0.8390436625061298,0.7084809250437686,0.20256946519270988
Q1,ctx_sym,495830,0.9230099025875804,0.649701602793762,0.7358624071367588,0.31568288717050175,0.14520681077731262,0.9075515493975088,0.8475085190771465,0.7005214851898206,0.1432248575105718
Q2,shallow,495828,0.8501254467274942,0.5557961388278252,0.6672164618496219,0.5210332338002793,0.2511114383413539,0.8055206978780837,0.7364481847988331,0.5674205039380372,0.11379516869634658
Q2,deep,495828,0.8494861121195253,0.5571823764640829,0.6692343778479732,1.274864124946033,0.2643944646101633,0.805246728893598,0.7345976773386207,0.5710107034888471,0.1178743961352657
Q2,fixed_average,495828,0.8504925094992618,0.5570761233015896,0.6685765869695727,0.5358541926638709,0.2529869055423184,0.8063559531458508,0.7365288260425019,0.5697950236385348,0.11562469037947092
Q2,anchor_old,495828,0.8506397379736521,0.5571908628757073,0.6686331993002994,0.5295116863086587,0.25173931395894944,0.8065613784293448,0.7367891741881277,0.5698718892652039,0.11554100962015273
Q2,anchor_sym,495828,0.8506921755124761,0.557278894655523,0.6687124834624734,0.5299885770532966,0.2517356348956334,0.806660253314727,0.7368539421200034,0.5699841298408076,0.11561725334655429
Q2,ctx_S,495828,0.8605585001250433,0.5438729719295947,0.6472595766393874,0.5161709619008927,0.25578991547753926,0.8273329043280611,0.757044964418942,0.5144434693579055,0.07667054961347029
Q2,ctx_D,495828,0.8661491484950427,0.6260671545549926,0.750152777335647,0.40642136159430703,0.20759514637290044,0.8317007978934344,0.7555414156721073,0.5991511236620052,0.3178752809924236
Q2,ctx_sym,495828,0.8711892027073904,0.6126281680633492,0.7327885936955509,0.4339522901830516,0.21637236070477334,0.8384342802343667,0.7656268527772602,0.586976320582878,0.2594752186588921
Q3,shallow,495829,0.7867188082988288,0.5092735320981052,0.649133011202023,0.6731477046322095,0.3423121481172251,0.701629426034784,0.676655477570949,0.45340414545991004,0.20540507932677807
Q3,deep,495829,0.7822797779073027,0.5100238087866876,0.6506956748430188,1.5153847767657622,0.3642877422026269,0.6961218705104255,0.6702354256149256,0.46685034292748695,0.20688759609391233
Q3,fixed_average,495829,0.7892660574512584,0.5144566742828823,0.6538633021727966,0.6447408158863068,0.3300977497560219,0.7056211313929331,0.679068195963368,0.4654280931004341,0.2077092766747939
Q3,anchor_old,495829,0.7901393423942529,0.5152057756168787,0.6544536088559785,0.6342150106976093,0.3256046020723008,0.706896257633132,0.6801556447938026,0.46577963688145246,0.2079915631591282
Q3,anchor_sym,495829,0.7904216978030733,0.5159677028947847,0.6552801653865361,0.6334006414416739,0.32523211508309136,0.7072644009782038,0.6804050686979426,0.46680513315035976,0.20939620875263282
Q3,ctx_S,495829,0.8106161600067765,0.498445328164184,0.6207353242285285,0.6163113212807974,0.3187675254149835,0.7445807310330705,0.7131759464820677,0.42433770404067434,0.11168693110092352
Q3,ctx_D,495829,0.8208313753330281,0.5953331709882841,0.7356756624833742,0.5014392556148562,0.2636263621512949,0.7493827270539367,0.7137835665829236,0.5248492251316894,0.39331716518458637
Q3,ctx_sym,495829,0.826383692765046,0.582745500500244,0.7210633169710094,0.5241145397777244,0.27241617216170116,0.7595057158126621,0.7240533485632279,0.5061376099987247,0.34128532762636116
Q4,shallow,495828,0.6854735916487169,0.454545838081258,0.618294894893575,0.9035859968839705,0.49073227723056195,0.5372689509659553,0.5722563589129481,0.36710038242015686,0.34155766002597154
Q4,deep,495828,0.690858523520253,0.4659874010107603,0.6289648666169314,2.027777051711039,0.5200774141039621,0.5443065250835618,0.5752490324218007,0.42538999814416556,0.3190040483935132
Q4,fixed_average,495828,0.707327944367805,0.480795488188081,0.6427880537797193,0.802492012581289,0.43061056720727975,0.5635690966316736,0.5950519753173079,0.41929571333654087,0.3452651674668014
Q4,anchor_old,495828,0.7114947118758924,0.4854552515070234,0.6471616562620319,0.7837475188315041,0.4181862864213422,0.5691750056025957,0.5991349569395109,0.4203280507681104,0.35318299271787645
Q4,anchor_sym,495828,0.7124103519768952,0.48784618909220956,0.6495635524544772,0.7786729411666391,0.41564782685188684,0.5701506568285195,0.5996906982614558,0.42397168680254543,0.3575717144763175
Q4,ctx_S,495828,0.7373907887412571,0.45114462465766314,0.5923249974209773,0.7399715723751358,0.39756274276222237,0.6323789692868298,0.6381650798215612,0.38495969008480785,0.14907475943745374
Q4,ctx_D,495828,0.7614253329783716,0.5688905621544871,0.7224444374335588,0.6260254937891895,0.3363082757479541,0.6361651048548977,0.6475150799455176,0.4956512503392851,0.4962308134782477
Q4,ctx_sym,495828,0.768270448623313,0.5655359779157945,0.7182651010227473,0.6340722131102584,0.3418955230537182,0.6523650022265678,0.6581916010231221,0.47915018785841407,0.4724371205550737
Q5,shallow,495828,0.3296102680768331,0.16821280476871564,0.2832000561741271,1.4207820878845225,0.7957707028066304,0.22264506097061953,0.23608775938951096,0.11565253347752791,0.09846586523720409
Q5,deep,495828,0.5952447219600345,0.42907081440531103,0.5949083687028047,3.088622360557845,0.7450487376856845,0.3008413678546925,0.39119948166152946,0.5130931139919006,0.5111492941131214
Q5,fixed_average,495828,0.6040017909436337,0.4390382603266616,0.6055357015439069,0.9849500364883117,0.5413402308695162,0.3197275642125933,0.40671847505116643,0.5044329112589166,0.5252740907839701
Q5,anchor_old,495828,0.6248376453124874,0.46015103240547617,0.6283946917473013,0.9653036021049014,0.5262727236939978,0.3723200624043683,0.4630689783677308,0.5002338257111527,0.5049812631386528
Q5,anchor_sym,495828,0.6540453544374258,0.495335031193935,0.6583359694416822,0.9193648093506611,0.489975226033381,0.3811164902491726,0.467005076142132,0.5233812949640287,0.6098372634204068
Q5,ctx_S,495828,0.5818287793347693,0.36179179857583765,0.5079433886547269,0.9572344994113038,0.530859274442708,0.4495932931742317,0.46986613509985337,0.44033428592915697,0.08737348010010852
Q5,ctx_D,495828,0.7044095936494107,0.5552204216902181,0.7110482278790113,0.7689598102282915,0.4073307109688406,0.46795385075998636,0.5212520203714434,0.5581065970928065,0.673569218536636
Q5,ctx_sym,495828,0.7171680502109603,0.573780916479171,0.7261963273625535,0.7607375477921386,0.41815891474886413,0.5003218795214512,0.5437993829626163,0.5461186502365726,0.7048837531960438
Corrected_by_CH,shallow,305318,0.14201914069920543,0.0768438050878706,0.14230073158108975,1.6046144869277101,0.9420526773304787,0.057348091065310434,0.08691791449348513,0.09772578801241222,0.0653834267802746
Corrected_by_CH,deep,305318,0.7237666957074264,0.5774616598137197,0.7218420611201161,1.529116248119246,0.4593241100293914,0.39126722297690664,0.5080719857839741,0.6422661930584476,0.7682412374355503
Corrected_by_CH,fixed_average,305318,0.6902671968242947,0.5436879833665569,0.6909881456123158,0.9495573248048448,0.5322493073430583,0.3436869466138106,0.4705108353989593,0.5894633972992182,0.7710907541542394
Corrected_by_CH,anchor_old,305318,0.6530895656332086,0.5011683772423328,0.6583950303646662,0.9774105300101128,0.5567742031816357,0.3249928823284641,0.45116397705640093,0.5842663854421433,0.6442502641423228
Corrected_by_CH,anchor_sym,305318,0.70402662142422,0.5628608485244806,0.706314759301895,0.8867822077035056,0.4890698238902517,0.3588360505055392,0.48111217641418985,0.6091572141307022,0.8023379530474914
Corrected_by_CH,ctx_S,305318,0.6931134096253742,0.48566617232365394,0.6130792314959546,0.8430010890092835,0.45753853587113225,0.6174355651246891,0.6097887373074313,0.6291461269786222,0.08629425988387315
Corrected_by_CH,ctx_D,305318,0.9150492273629461,0.8506998164310224,0.9184161996533475,0.33220642425207797,0.174220668075207,0.8130989150233626,0.8016710456285007,0.8478615538931925,0.9401677511790341
Corrected_by_CH,ctx_sym,305318,0.9184882646945153,0.8548803756973967,0.9214356013015927,0.5252198425374327,0.2633191182593627,0.8577027480403818,0.8285181575490487,0.8263095852059236,0.9069910119942329
Still_Wrong,shallow,378130,0.055904054161267286,0.0237367058428822,0.04614473303726413,2.446391917168606,1.2540719951817236,0.02806709834496622,0.03610994587978022,0.024717218265605363,0.00605256088117701
Still_Wrong,deep,378130,0.20463332716261604,0.1220852912509072,0.2140526320259659,7.648751650769275,1.4588123584058836,0.05228617950579796,0.13128967776896547,0.11230795607868863,0.19245735165017677
Still_Wrong,fixed_average,378130,0.17164731706027028,0.10375818918628374,0.18485389318387913,2.5709985048017465,1.2562821153359212,0.044138977644028514,0.10670577275255128,0.09087529369776641,0.17331271265078874
Still_Wrong,anchor_old,378130,0.1267553486896041,0.06153488120367962,0.11527352793171576,2.520031834808979,1.2454398276903595,0.040378820490744725,0.09370004384337796,0.061570276002083035,0.05049038447851276
Still_Wrong,anchor_sym,378130,0.16541136646126994,0.09906245069408691,0.17747061206198045,2.529979441761814,1.2408139398933107,0.04328092403195441,0.10561015959517323,0.08420641830026117,0.16315230084895882
Still_Wrong,ctx_S,378130,0.2018432814111549,0.07849746906222277,0.13850657030120955,1.4300884971600953,0.8307451573914708,0.15746856132626172,0.12957928473686695,0.02659679188502536,0.00034523830073708377
Still_Wrong,ctx_D,378130,0.29073070108163857,0.17977367117726295,0.300286258455218,1.718383483645414,0.8910182957873907,0.11159211439839907,0.18930371753534608,0.14362262609761078,0.27457622667769593
Still_Wrong,ctx_sym,378130,0.25078941104911007,0.1430405530525705,0.2486300991917662,1.401489168801113,0.8295913082600744,0.12325867284218259,0.16681910352944512,0.0966376132271557,0.18544682261149856
Harmed_by_CH,shallow,69617,0.8037979229211256,0.5260944689760352,0.6649053461660283,0.6651553246607582,0.36672393805727194,0.6991981599207744,0.6988849325337332,0.4888644150758688,0.2174303683737646
Harmed_by_CH,deep,69617,0.3715184509530718,0.16551338611852054,0.271293243563772,4.558195915794263,1.116945583000865,0.22173503619563298,0.29113628191298097,0.11925512571321085,0.029927100652257323
Harmed_by_CH,fixed_average,69617,0.4158179754944913,0.1912017238484743,0.3057796698975923,0.9369704854203985,0.6097155604014869,0.2588490319515382,0.32629941434846266,0.1462787550744249,0.03337969401947149
Harmed_by_CH,anchor_old,69617,0.45898271973799504,0.2132674459939002,0.3352974753533652,0.8769641718321357,0.5588838785787441,0.285052246295531,0.3626557526148249,0.15178635354764802,0.05357543151759695
Harmed_by_CH,anchor_sym,69617,0.4205869256072511,0.19186987790057236,0.30658863180568696,0.9351179604217157,0.6085383232356808,0.25993965211217607,0.3307896362513173,0.13971892481921136,0.03703129841958475
Harmed_by_CH,ctx_S,69617,0.2691440309119899,0.08493666007780426,0.1449913807319816,1.1100996459853731,0.7000698656113336,0.1513128896165229,0.18843375069469417,0.0,0.0
Harmed_by_CH,ctx_D,69617,0.20328368071017136,0.06745161777402235,0.11917345084894151,1.6295420060132184,0.9550339895050964,0.08401453224341508,0.170463295687885,0.009379213318482913,0.005949429846306396
Harmed_by_CH,ctx_sym,69617,0.20020971889050088,0.06316828689507431,0.11172128169925209,1.2275515911467916,0.8001214332218639,0.09218032558786698,0.1575585634133198,0.0009663080590092122,0.001967950520101209
Stable_Correct,shallow,1726078,0.9560854144482462,0.8656358358105926,0.9266392798389679,0.2806626535096534,0.12733630715571617,0.9338911047707775,0.9157370562881278,0.8447517896047307,0.768163392578734
Stable_Correct,deep,1726078,0.9144117473254395,0.7261129819595641,0.8204498697777194,0.4337508248182126,0.14241085322185568,0.8874204207620809,0.8411685759478502,0.8164804385145921,0.35938249261373306
Stable_Correct,fixed_average,1726078,0.9353389591895616,0.7710622443811356,0.8544470790768739,0.20955236216400017,0.09653818884604659,0.9125982678297224,0.8774592110742193,0.863673484772339,0.43051801384826155
Stable_Correct,anchor_old,1726078,0.9574845400961023,0.8725838484500094,0.930207673053835,0.20181638921009828,0.08705088817843705,0.9332934014164233,0.9144713135591128,0.8963710966294187,0.7461995821950828
Stable_Correct,anchor_sym,1726078,0.9503040998147245,0.8317156381337243,0.9025265773396239,0.19865088426089755,0.08677450508480304,0.9263924962669077,0.9022611250595745,0.8826960258477271,0.6155129053606883
Stable_Correct,ctx_S,1726078,0.9446322819710349,0.734937656357054,0.8257772064414048,0.4177537923939886,0.19195727651833114,0.9333873072098177,0.8998463375065047,0.7318201851035698,0.37469679560832375
Stable_Correct,ctx_D,1726078,0.9360324388584988,0.8027118766299606,0.8860673824877929,0.24257418513167672,0.12360674968913395,0.9105287908225772,0.8757579569757202,0.803152966654989,0.621407792066556
Stable_Correct,ctx_sym,1726078,0.9540026580490569,0.8776364277820152,0.9341309973132691,0.31712647629557883,0.13986505598651028,0.9368529140210026,0.9075912390916424,0.8124392484787153,0.8536623095367004
pair0_1,shallow,201473,0.35571019441811064,0.08892754860452766,0.13118961407927832,1.2847721285891835,0.7408209049376189,0.35571019441811064,0.0,0.0,0.0
pair0_1,deep,201473,0.5015262591017159,0.12538156477542897,0.16700549060052824,2.457002448774055,0.7999627992008884,0.0,0.5015262591017159,0.0,0.0
pair0_1,fixed_average,201473,0.5340070381639227,0.1731405663580703,0.24684264452389137,1.045247539244506,0.5856390426683721,0.1852191497366441,0.5058570720149871,0.0010449320794148381,0.0004411116012351125
pair0_1,anchor_old,201473,0.5694758106545293,0.2026704586263148,0.28380740242509767,1.007497391867637,0.5534789308753133,0.28555095202517605,0.5230676596789469,0.0011813885859687386,0.0008818342151675485
pair0_1,anchor_sym,201473,0.5646513428598373,0.19426512813762617,0.27317904300685786,1.0007871852278323,0.5475920570092917,0.25069250416701644,0.5244969799017973,0.0011359505634314794,0.0007350779182593355
pair0_1,ctx_S,201473,0.6724871322708253,0.3167039454976623,0.42617692461064,0.8358905364406838,0.4670745029390331,0.5243067726878586,0.5794958554466306,0.15770106886280008,0.005312084993359893
pair0_1,ctx_D,201473,0.6517647525971222,0.38398706068234845,0.5446959596565748,0.8179685090889666,0.46145510515979016,0.38715847668879727,0.577603281495585,0.27361885553841897,0.2975676290065924
pair0_1,ctx_sym,201473,0.6770187568557573,0.3810525154873233,0.5328212186109438,0.7668719373215298,0.43560100963153897,0.47691084611016465,0.590192989365892,0.24970915738740235,0.2073970690858339
pair0_2,shallow,44977,0.07643906885741601,0.019109767214354003,0.03550552514716514,1.9143438943396034,1.0223647100158917,0.07643906885741601,0.0,0.0,0.0
pair0_2,deep,44977,0.6852613558040777,0.1713153389510194,0.20331011372331723,2.022700739568701,0.5388667849792006,0.0,0.0,0.6852613558040777,0.0
pair0_2,fixed_average,44977,0.649709851701981,0.20335033196294933,0.2692044314831122,1.0433603726857035,0.5512524724140654,0.09215423552181033,0.05883544303797468,0.6624116492920124,0.0
pair0_2,anchor_old,44977,0.6374146786135135,0.22442298315657938,0.30064667022181335,1.0426311611015107,0.5559250093921797,0.16039661708953049,0.06502919267163278,0.6722661228651542,0.0
pair0_2,anchor_sym,44977,0.6817039820352625,0.2395330201774953,0.317506046325127,0.9745853102543567,0.5002492476343722,0.19961856325492688,0.061396387253907045,0.6971171302011473,0.0
pair0_2,ctx_S,44977,0.6142472819441047,0.2868981193013371,0.40157706120102316,0.9966775133853687,0.5479669835429986,0.22279331817732528,0.32734039507586604,0.5969084062196307,0.000550357732526142
pair0_2,ctx_D,44977,0.7236809925072815,0.3474324922931575,0.4738716790700056,0.7616286715155999,0.3871141332140122,0.2825142857142857,0.29219309136054916,0.7280240420736288,0.08699855002416626
pair0_2,ctx_sym,44977,0.7190119394357116,0.3528973660269269,0.4758574153392758,0.7996454853466974,0.4263805667831599,0.3102398172820708,0.33337870023817623,0.7190750475338329,0.04889589905362776
pair0_3,shallow,63094,0.2110977272006847,0.052774431800171176,0.0871514009396307,1.5845663118408608,0.8615145600778727,0.2110977272006847,0.0,0.0,0.0
pair0_3,deep,63094,0.5210321108187783,0.13025802770469458,0.17127584194731577,3.0475159645887477,0.797562521492878,0.0,0.0,0.0,0.5210321108187783
pair0_3,fixed_average,63094,0.548499064887311,0.18705330557450767,0.2641354955792548,1.115536491293067,0.6018730008177469,0.17193231570228376,0.024732884843688168,0.0033500837520938024,0.548197937999965
pair0_3,anchor_old,63094,0.5203030399087076,0.2151994782403392,0.30391063345060626,1.144456759585017,0.6337842581569326,0.2902897204661893,0.031333813043762676,0.0037656903765690376,0.5354086890748357
pair0_3,anchor_sym,63094,0.6112150125210004,0.25291513035761337,0.33902772263936426,1.0432129443874298,0.5520391671430591,0.35741407847337164,0.028181041844577284,0.0037641154328732747,0.6223012856796313
pair0_3,ctx_S,63094,0.3308238501283799,0.16544250925790932,0.2732939074870493,1.2863051947352653,0.7164734831735277,0.30022030843180453,0.2027523864134651,0.07830151928320997,0.08049582290315771
pair0_3,ctx_D,63094,0.7186261768155451,0.42931827966469926,0.5746533260441977,0.8089334037491834,0.40027012317219,0.5048037006286324,0.30236763293213537,0.19935228499460236,0.7107495001034269
pair0_3,ctx_sym,63094,0.7196405363426,0.4376097476109505,0.5799520434390191,0.8670262124573458,0.46370715737735313,0.4917193338561609,0.33123297912105515,0.18299445471349354,0.7444922227530923
pair1_0,shallow,66979,0.3404947819465803,0.08512369548664507,0.12700339700395388,1.1260831785430876,0.675543597377964,0.0,0.3404947819465803,0.0,0.0
pair1_0,deep,66979,0.5847205840636618,0.14618014601591545,0.18448696569721978,2.7348336585471076,0.6897170193679181,0.5847205840636618,0.0,0.0,0.0
pair1_0,fixed_average,66979,0.6043983935263292,0.18594196400324942,0.2537266510034262,0.8894131062745995,0.5140437072918739,0.5855125942563774,0.15202082057562769,0.005478297513695744,0.0007561436672967864
pair1_0,anchor_old,66979,0.6274056047417848,0.20483312213264437,0.2783937343986335,0.8564026216923478,0.48633550895832994,0.6007252946509519,0.21195383033027312,0.005897219882055603,0.0007561436672967864
pair1_0,anchor_sym,66979,0.6298392033323877,0.20501632870602954,0.27812986456186634,0.8471018262679184,0.479614270521457,0.6042362150339587,0.20917325110811333,0.0058997050147492625,0.0007561436672967864
pair1_0,ctx_S,66979,0.6998312904044551,0.2841834102502268,0.37849495078766976,0.7463284056531493,0.4131984275129072,0.6561155048740114,0.39872385164775404,0.08151735270379339,0.0003769317753486619
pair1_0,ctx_D,66979,0.7000253810895952,0.3611581086261372,0.5043747665004172,0.7527182639374062,0.4116079048728437,0.6579260125639043,0.3868471257334149,0.1848622253226369,0.21499707088459286
pair1_0,ctx_sym,66979,0.7089087624479314,0.3382618591828243,0.4681294280642562,0.7039742365611704,0.39780009146421647,0.6635434095556795,0.4043092056966672,0.15217391304347827,0.13302090843547223
pair1_2,shallow,76360,0.3543085385018334,0.08857713462545835,0.13080790987767732,1.358185903184355,0.7620841291818211,0.0,0.3543085385018334,0.0,0.0
pair1_2,deep,76360,0.5716998428496595,0.14292496071241487,0.18187309919593384,2.390001040141531,0.6871609012093727,0.0,0.0,0.5716998428496595,0.0
pair1_2,fixed_average,76360,0.604413305395495,0.20182981083628776,0.2787134622232707,0.9157767490397544,0.5258509111421763,0.0039360393603936035,0.23140098071658494,0.569059955588453,0.0029222676797194622
pair1_2,anchor_old,76360,0.6349135673127292,0.23561664789327283,0.31845686214772906,0.8978759344908938,0.5096936068820602,0.004915212582944212,0.3586979330605393,0.576516997331477,0.002336448598130841
pair1_2,anchor_sym,76360,0.6388947092718701,0.22949437959719768,0.310246603696258,0.8689539940012292,0.48940339919751646,0.004920049200492005,0.3133675273117158,0.5961852689793866,0.0035046728971962616
pair1_2,ctx_S,76360,0.6264143530644316,0.29811991525456705,0.41668415463935937,0.9279779273835423,0.5204474587710117,0.21541997492687004,0.46769733260751223,0.5093623534838858,0.0
pair1_2,ctx_D,76360,0.687847040335254,0.3447104873009754,0.4800288597736153,0.755968429447074,0.4223464995811149,0.2189405487804878,0.4138795288089337,0.6363508845755966,0.10967098703888335
pair1_2,ctx_sym,76360,0.6944473546359351,0.3507146046013142,0.48078762931705255,0.7793995484594751,0.4371542479562529,0.24220703450575096,0.4612085769980507,0.6309572835161544,0.06848552338530067
pair1_3,shallow,86266,0.37613891915702596,0.09403472978925649,0.1366645888437758,1.4468594127237584,0.7628150462676457,0.0,0.37613891915702596,0.0,0.0
pair1_3,deep,86266,0.4632068254005054,0.11580170635012635,0.15828480887304416,3.559398005636645,0.8999576940652909,0.0,0.0,0.0,0.4632068254005054
pair1_3,fixed_average,86266,0.5339299376347576,0.1827768178234192,0.262993871040087,1.0520024046478105,0.5846001006013719,0.01609985528219971,0.20826010544815465,0.0026263952724885093,0.5041209152908339
pair1_3,anchor_old,86266,0.579753321123038,0.23588204918112365,0.32629616135214523,1.0373496792051107,0.5736576232364612,0.01855855855855856,0.4443325286977059,0.003931847968545216,0.47670526149968495
pair1_3,anchor_sym,86266,0.6655692856977257,0.28211566300862156,0.3657575548012133,0.9440973304446071,0.501276648057257,0.01795866799025359,0.4802012688689565,0.004594683295044306,0.6257080318802319
pair1_3,ctx_S,86266,0.43976769526812415,0.2126028392634356,0.3265415651539494,1.1420971726956899,0.6255094728322067,0.2843384372296001,0.42053930005737233,0.0703030303030303,0.07523058946373966
pair1_3,ctx_D,86266,0.743004196323001,0.4553452215221643,0.6011064347941587,0.7275961869650935,0.3687638374024213,0.35544388609715244,0.5529166440990089,0.20291888857704182,0.710101467315454
pair1_3,ctx_sym,86266,0.7740129367305775,0.48806906366522396,0.623054201402985,0.773464138728528,0.4074191100530014,0.3706911190354899,0.6325962657491272,0.18237170194259206,0.7666171679336865
pair2_0,shallow,5604,0.11491791577444682,0.028729478943611705,0.051536491677336746,1.716810065024065,0.9644619782035628,0.0,0.0,0.11491791577444682,0.0
pair2_0,deep,5604,0.708779443254818,0.1771948608137045,0.20739348370927319,1.7770991179872635,0.4801623195673925,0.708779443254818,0.0,0.0,0.0
pair2_0,fixed_average,5604,0.69593147751606,0.22802560734005722,0.2952449619093494,1.009407020839083,0.5172903098683294,0.7073030477285797,0.022556390977443608,0.1822429906542056,0.0
pair2_0,anchor_old,5604,0.719129193433262,0.238739233464958,0.3062957044006816,0.9488011323587713,0.4689846216010524,0.731614135625597,0.025718608169440244,0.1976241900647948,0.0
pair2_0,anchor_sym,5604,0.7221627408993576,0.2414035548461312,0.30963604193709593,0.9201421049753749,0.4471765085732337,0.7346587650544829,0.02723146747352496,0.20372398685651696,0.0
pair2_0,ctx_S,5604,0.7387580299785867,0.2785096799235856,0.36727425071442826,0.7678600595053908,0.38968541791873146,0.75741504615989,0.1531322505800464,0.19788918205804748,0.0056022408963585435
pair2_0,ctx_D,5604,0.7517844396859387,0.34337367124299356,0.46362976819406526,0.7281442397209916,0.35339629265665595,0.7734182415776499,0.16149732620320856,0.30209617755856966,0.13648293963254593
pair2_0,ctx_sym,5604,0.7512491077801571,0.32350485383481675,0.43541139222210884,0.7050578129644808,0.3591029767187506,0.7704884941461445,0.16404494382022472,0.2701005025125628,0.0893854748603352
pair2_1,shallow,35079,0.2999515379571824,0.0749878844892956,0.11537027696761036,1.3629687479029196,0.813453476235073,0.0,0.0,0.2999515379571824,0.0
pair2_1,deep,35079,0.5545197981698452,0.1386299495424613,0.1783572646751389,2.4784520931539773,0.7274704319354259,0.0,0.5545197981698452,0.0,0.0
pair2_1,fixed_average,35079,0.5556030673622395,0.17959726537097462,0.25213869897222374,1.0411440673435908,0.5775375886920067,0.0038392050587172538,0.5360171495223984,0.1785327069027828,0.0
pair2_1,anchor_old,35079,0.5655235325978506,0.18123049332804828,0.25273633465639134,1.0140409881372803,0.5549044640171962,0.0038392050587172538,0.5476837534751507,0.17339901477832512,0.0
pair2_1,anchor_sym,35079,0.5687163260070127,0.18148717247159374,0.252588333755669,1.0118923578098145,0.5507860951004327,0.0040650406504065045,0.5512254292112466,0.1706582200247219,0.0
pair2_1,ctx_S,35079,0.6225091935345933,0.2791855480334989,0.3844047565134343,0.8938651760459186,0.49914619260752546,0.3932537479178234,0.5974025974025974,0.1231703949185308,0.0029154518950437317
pair2_1,ctx_D,35079,0.6391858376806636,0.3220512707854321,0.46315964689978517,0.8895970078364565,0.4877377744940004,0.3273559710034338,0.5986466413599604,0.21552028218694885,0.14668218859138532
pair2_1,ctx_sym,35079,0.6401550785370165,0.308640993361115,0.43496921959620993,0.8267893154799302,0.47127958006200205,0.38213969938107867,0.6027238768966315,0.18194971965997467,0.06775067750677506
pair2_3,shallow,3995,0.14593241551939926,0.036483103879849814,0.06367409349060725,2.0122423446822784,1.0082700202350952,0.0,0.0,0.14593241551939926,0.0
pair2_3,deep,3995,0.37622027534418023,0.09405506883604506,0.13668606766096764,4.609342233955612,1.0701836693779865,0.0,0.0,0.0,0.37622027534418023
pair2_3,fixed_average,3995,0.3797246558197747,0.1308080706986044,0.2017251503049161,1.5250237254897305,0.7765345127145922,0.0126953125,0.019507186858316223,0.09923664122137404,0.3917931422147274
pair2_3,anchor_old,3995,0.323153942428035,0.14527057096819088,0.22748535799889855,1.4787307027157688,0.7721412925474063,0.012633624878522837,0.028084252758274825,0.16805671392827357,0.3723076923076923
pair2_3,anchor_sym,3995,0.4085106382978723,0.16823883208587348,0.2525836618789857,1.4348688724352328,0.7222609753026068,0.014634146341463415,0.023350253807106598,0.19140919366993217,0.4435617345249917
pair2_3,ctx_S,3995,0.38848560700876095,0.20533156268210354,0.32370487402674064,1.2824431245202137,0.6891884729990707,0.3888888888888889,0.2478448275862069,0.1038107752956636,0.08078175895765473
pair2_3,ctx_D,3995,0.5909887359198999,0.37495869924874414,0.533437278891637,1.0883735842720414,0.5423818736164262,0.44694767441860467,0.2611764705882353,0.24785100286532952,0.543859649122807
pair2_3,ctx_sym,3995,0.5992490613266583,0.3907404178281375,0.549971941858672,1.0422245374037626,0.5566760957782542,0.4726027397260274,0.3154459753444525,0.22797202797202798,0.5469409282700421
pair3_0,shallow,1273,0.15239591516103693,0.03809897879025923,0.06612133605998637,1.3271769373550828,0.7748480290480781,0.0,0.0,0.0,0.15239591516103693
pair3_0,deep,1273,0.5231736056559309,0.1307934014139827,0.17173800928313562,3.3750558796927197,0.8115534543983425,0.5231736056559309,0.0,0.0,0.0
pair3_0,fixed_average,1273,0.5106048703849175,0.14549878576707848,0.2024579173289544,1.14704230427128,0.6406516035473915,0.5130081300813009,0.012987012987012988,0.0,0.056
pair3_0,anchor_old,1273,0.5121759622937941,0.14587796631592254,0.2030514313472513,1.109784767255205,0.6149340303522521,0.51338199513382,0.012987012987012988,0.0,0.05714285714285714
pair3_0,anchor_sym,1273,0.5137470542026709,0.14557501013299878,0.20194534368955017,1.1056919722713705,0.6108360088327397,0.5158150851581509,0.012987012987012988,0.0,0.053497942386831275
pair3_0,ctx_S,1273,0.6072270227808326,0.2784636241481908,0.39352226720647776,0.8897815180353861,0.4858925787319442,0.5833333333333334,0.2913907284768212,0.2391304347826087,0.0
pair3_0,ctx_D,1273,0.6402199528672428,0.36067349868577425,0.5139509985748876,0.9363411412185689,0.4814419047794099,0.6204819277108434,0.2545045045045045,0.27586206896551724,0.2918454935622318
pair3_0,ctx_sym,1273,0.6300078554595444,0.3413657926157216,0.4919118656010428,0.8431197846334441,0.46724350352009497,0.5965583173996176,0.2725225225225225,0.28846153846153844,0.2079207920792079
pair3_1,shallow,1888,0.07997881355932203,0.019994703389830507,0.03702795487984306,1.443912570891402,0.8155932976073665,0.0,0.0,0.0,0.07997881355932203
pair3_1,deep,1888,0.659957627118644,0.164989406779661,0.19878749202297383,1.643430457985738,0.5689889245531733,0.0,0.659957627118644,0.0,0.0
pair3_1,fixed_average,1888,0.6324152542372882,0.18176928497494554,0.23411665114900201,1.0879788287249632,0.5590855747550021,0.0033444816053511705,0.6453744493392071,0.0,0.07835820895522388
pair3_1,anchor_old,1888,0.6350635593220338,0.1836898327399653,0.23652167313407732,1.065461610427441,0.5449231503112687,0.003355704697986577,0.6490066225165563,0.0,0.08239700374531835
pair3_1,anchor_sym,1888,0.6377118644067796,0.18552046479640846,0.2389272110739502,1.0503949211000863,0.5345559529537396,0.003355704697986577,0.6519337016574586,0.0,0.08679245283018867
pair3_1,ctx_S,1888,0.6949152542372882,0.3313888458216129,0.45102039607140737,0.8382652709828569,0.445417197729465,0.38294314381270905,0.6896321070234114,0.2,0.052980132450331126
pair3_1,ctx_D,1888,0.7171610169491526,0.400258351826101,0.5516411494843488,0.7220764514042618,0.39414864247411574,0.3640661938534279,0.6950354609929078,0.2781954887218045,0.26373626373626374
pair3_1,ctx_sym,1888,0.7102754237288136,0.3672213964862777,0.506373928767375,0.7502603107026601,0.3996670888461422,0.36983471074380164,0.6959896507115135,0.2530612244897959,0.15
pair3_2,shallow,713,0.10238429172510519,0.025596072931276297,0.04643765903307888,1.8833840862392113,0.9373759765356771,0.0,0.0,0.0,0.10238429172510519
pair3_2,deep,713,0.5245441795231417,0.13113604488078542,0.17203311867525298,2.036764493076229,0.7118995760622506,0.0,0.0,0.5245441795231417,0.0
pair3_2,fixed_average,713,0.5217391304347826,0.18541585766756727,0.2725327856042413,1.1602171858157508,0.6279467617835982,0.029411764705882353,0.11923076923076924,0.5204402515723271,0.07258064516129033
pair3_2,anchor_old,713,0.5329593267882188,0.19983729499249614,0.293033033033033,1.1420669348665144,0.6173117236211189,0.029411764705882353,0.13846153846153847,0.5365853658536586,0.0948905109489051
pair3_2,anchor_sym,713,0.5315568022440392,0.19092385535083306,0.279863565060958,1.0949732912048804,0.5866391997635411,0.029411764705882353,0.10810810810810811,0.5313479623824452,0.09482758620689655
pair3_2,ctx_S,713,0.5680224403927069,0.26512106028700444,0.3742367717962468,1.0891564484259324,0.5902554960566975,0.125,0.46851385390428213,0.46697038724373574,0.0
pair3_2,ctx_D,713,0.6409537166900421,0.33325630186208277,0.470362811645626,0.8489254780663158,0.455400502311516,0.2777777777777778,0.38198757763975155,0.5921787709497207,0.08108108108108109
pair3_2,ctx_sym,713,0.6465638148667602,0.3179547995856846,0.43643306622443817,0.9145841779142918,0.49012394308913815,0.21153846153846154,0.4595375722543353,0.5870445344129555,0.0136986301369863
