step,objective,cosine,finite
1,sem_pres,0.11606249958276749,True
1,struct,0.0017349532572552562,True
1,orth,-0.015203609131276608,True
1,rec,0.0,True
2,sem_pres,-0.023849261924624443,True
2,struct,-5.6596813919895794e-06,True
2,orth,0.0022403905168175697,True
2,rec,-0.10197994858026505,True
4,sem_pres,0.04631442576646805,True
4,struct,-0.002354874974116683,True
4,orth,-0.011669643223285675,True
4,rec,0.133056178689003,True
8,sem_pres,0.23184353113174438,True
8,struct,0.0017141111893579364,True
8,orth,-0.015721553936600685,True
8,rec,0.34080445766448975,True
